{
  "type": "Module",
  "body": [
    {
      "type": "ImportFrom",
      "lineno": 1,
      "col_offset": 0,
      "module": "utils",
      "names": [
        {
          "type": "alias",
          "lineno": 1,
          "col_offset": 18,
          "name": "blob2image",
          "asname": null
        },
        {
          "type": "alias",
          "lineno": 1,
          "col_offset": 30,
          "name": "image2blob",
          "asname": null
        }
      ],
      "level": 0
    },
    {
      "type": "ImportFrom",
      "lineno": 2,
      "col_offset": 0,
      "module": "worker.skillset.diffusion_kit",
      "names": [
        {
          "type": "alias",
          "lineno": 2,
          "col_offset": 42,
          "name": "DiffusionModelConfig",
          "asname": null
        },
        {
          "type": "alias",
          "lineno": 2,
          "col_offset": 64,
          "name": "Txt2ImgParams",
          "asname": null
        },
        {
          "type": "alias",
          "lineno": 2,
          "col_offset": 79,
          "name": "Img2ImgParams",
          "asname": null
        },
        {
          "type": "alias",
          "lineno": 2,
          "col_offset": 94,
          "name": "Ctrl2ImgParams",
          "asname": null
        },
        {
          "type": "alias",
          "lineno": 2,
          "col_offset": 110,
          "name": "txt2img",
          "asname": null
        },
        {
          "type": "alias",
          "lineno": 2,
          "col_offset": 119,
          "name": "img2img",
          "asname": null
        },
        {
          "type": "alias",
          "lineno": 2,
          "col_offset": 128,
          "name": "ctrl2img",
          "asname": null
        },
        {
          "type": "alias",
          "lineno": 2,
          "col_offset": 138,
          "name": "progress_tracking",
          "asname": null
        },
        {
          "type": "alias",
          "lineno": 2,
          "col_offset": 157,
          "name": "unload_all_models",
          "asname": null
        }
      ],
      "level": 0
    },
    {
      "type": "ImportFrom",
      "lineno": 3,
      "col_offset": 0,
      "module": "cloudworker",
      "names": [
        {
          "type": "alias",
          "lineno": 3,
          "col_offset": 24,
          "name": "send_to_master",
          "asname": null
        }
      ],
      "level": 0
    },
    {
      "type": "ClassDef",
      "lineno": 5,
      "col_offset": 0,
      "name": "diffusion_kit",
      "bases": [],
      "keywords": [],
      "body": [
        {
          "type": "FunctionDef",
          "lineno": 6,
          "col_offset": 1,
          "name": "__init__",
          "args": {
            "type": "arguments",
            "posonlyargs": [],
            "args": [
              {
                "type": "arg",
                "lineno": 6,
                "col_offset": 14,
                "arg": "self",
                "annotation": null,
                "type_comment": null
              },
              {
                "type": "arg",
                "lineno": 6,
                "col_offset": 20,
                "arg": "checkpoints",
                "annotation": null,
                "type_comment": null
              }
            ],
            "vararg": null,
            "kwonlyargs": [],
            "kw_defaults": [],
            "kwarg": null,
            "defaults": []
          },
          "body": [
            {
              "type": "Assign",
              "lineno": 7,
              "col_offset": 2,
              "targets": [
                {
                  "type": "Attribute",
                  "lineno": 7,
                  "col_offset": 2,
                  "value": {
                    "type": "Name",
                    "lineno": 7,
                    "col_offset": 2,
                    "id": "self"
                  },
                  "attr": "config"
                }
              ],
              "value": {
                "type": "Call",
                "lineno": 7,
                "col_offset": 16,
                "func": {
                  "type": "Name",
                  "lineno": 7,
                  "col_offset": 16,
                  "id": "DiffusionModelConfig"
                },
                "args": [],
                "keywords": [
                  {
                    "type": "keyword",
                    "lineno": 8,
                    "col_offset": 3,
                    "arg": "checkpoint_sd",
                    "value": {
                      "type": "Subscript",
                      "lineno": 8,
                      "col_offset": 17,
                      "value": {
                        "type": "Name",
                        "lineno": 8,
                        "col_offset": 17,
                        "id": "checkpoints"
                      },
                      "slice": {
                        "type": "Constant",
                        "lineno": 8,
                        "col_offset": 29,
                        "value": "sd",
                        "kind": null
                      }
                    }
                  },
                  {
                    "type": "keyword",
                    "lineno": 9,
                    "col_offset": 3,
                    "arg": "checkpoint_clip",
                    "value": {
                      "type": "Subscript",
                      "lineno": 9,
                      "col_offset": 19,
                      "value": {
                        "type": "Name",
                        "lineno": 9,
                        "col_offset": 19,
                        "id": "checkpoints"
                      },
                      "slice": {
                        "type": "Constant",
                        "lineno": 9,
                        "col_offset": 31,
                        "value": "clip",
                        "kind": null
                      }
                    }
                  }
                ]
              },
              "type_comment": null
            }
          ],
          "decorator_list": [],
          "returns": null,
          "type_comment": null,
          "type_params": []
        },
        {
          "type": "FunctionDef",
          "lineno": 12,
          "col_offset": 1,
          "name": "__call__",
          "args": {
            "type": "arguments",
            "posonlyargs": [],
            "args": [
              {
                "type": "arg",
                "lineno": 12,
                "col_offset": 14,
                "arg": "self",
                "annotation": null,
                "type_comment": null
              },
              {
                "type": "arg",
                "lineno": 12,
                "col_offset": 20,
                "arg": "files",
                "annotation": null,
                "type_comment": null
              },
              {
                "type": "arg",
                "lineno": 12,
                "col_offset": 27,
                "arg": "method",
                "annotation": null,
                "type_comment": null
              }
            ],
            "vararg": null,
            "kwonlyargs": [],
            "kw_defaults": [],
            "kwarg": {
              "type": "arg",
              "lineno": 12,
              "col_offset": 37,
              "arg": "params",
              "annotation": null,
              "type_comment": null
            },
            "defaults": []
          },
          "body": [
            {
              "type": "If",
              "lineno": 13,
              "col_offset": 2,
              "test": {
                "type": "Compare",
                "lineno": 13,
                "col_offset": 5,
                "left": {
                  "type": "Name",
                  "lineno": 13,
                  "col_offset": 5,
                  "id": "method"
                },
                "ops": [
                  {
                    "type": "Eq"
                  }
                ],
                "comparators": [
                  {
                    "type": "Constant",
                    "lineno": 13,
                    "col_offset": 15,
                    "value": "txt2img",
                    "kind": null
                  }
                ]
              },
              "body": [
                {
                  "type": "Return",
                  "lineno": 14,
                  "col_offset": 3,
                  "value": {
                    "type": "Call",
                    "lineno": 14,
                    "col_offset": 10,
                    "func": {
                      "type": "Attribute",
                      "lineno": 14,
                      "col_offset": 10,
                      "value": {
                        "type": "Name",
                        "lineno": 14,
                        "col_offset": 10,
                        "id": "self"
                      },
                      "attr": "txt2img"
                    },
                    "args": [],
                    "keywords": [
                      {
                        "type": "keyword",
                        "lineno": 14,
                        "col_offset": 23,
                        "arg": null,
                        "value": {
                          "type": "Name",
                          "lineno": 14,
                          "col_offset": 25,
                          "id": "params"
                        }
                      }
                    ]
                  }
                }
              ],
              "orelse": [
                {
                  "type": "If",
                  "lineno": 15,
                  "col_offset": 2,
                  "test": {
                    "type": "Compare",
                    "lineno": 15,
                    "col_offset": 7,
                    "left": {
                      "type": "Name",
                      "lineno": 15,
                      "col_offset": 7,
                      "id": "method"
                    },
                    "ops": [
                      {
                        "type": "Eq"
                      }
                    ],
                    "comparators": [
                      {
                        "type": "Constant",
                        "lineno": 15,
                        "col_offset": 17,
                        "value": "img2img",
                        "kind": null
                      }
                    ]
                  },
                  "body": [
                    {
                      "type": "Return",
                      "lineno": 16,
                      "col_offset": 3,
                      "value": {
                        "type": "Call",
                        "lineno": 16,
                        "col_offset": 10,
                        "func": {
                          "type": "Attribute",
                          "lineno": 16,
                          "col_offset": 10,
                          "value": {
                            "type": "Name",
                            "lineno": 16,
                            "col_offset": 10,
                            "id": "self"
                          },
                          "attr": "img2img"
                        },
                        "args": [
                          {
                            "type": "Name",
                            "lineno": 16,
                            "col_offset": 23,
                            "id": "files"
                          }
                        ],
                        "keywords": [
                          {
                            "type": "keyword",
                            "lineno": 16,
                            "col_offset": 30,
                            "arg": null,
                            "value": {
                              "type": "Name",
                              "lineno": 16,
                              "col_offset": 32,
                              "id": "params"
                            }
                          }
                        ]
                      }
                    }
                  ],
                  "orelse": [
                    {
                      "type": "If",
                      "lineno": 17,
                      "col_offset": 2,
                      "test": {
                        "type": "Compare",
                        "lineno": 17,
                        "col_offset": 7,
                        "left": {
                          "type": "Name",
                          "lineno": 17,
                          "col_offset": 7,
                          "id": "method"
                        },
                        "ops": [
                          {
                            "type": "Eq"
                          }
                        ],
                        "comparators": [
                          {
                            "type": "Constant",
                            "lineno": 17,
                            "col_offset": 17,
                            "value": "crtl2img",
                            "kind": null
                          }
                        ]
                      },
                      "body": [
                        {
                          "type": "Return",
                          "lineno": 18,
                          "col_offset": 3,
                          "value": {
                            "type": "Call",
                            "lineno": 18,
                            "col_offset": 10,
                            "func": {
                              "type": "Attribute",
                              "lineno": 18,
                              "col_offset": 10,
                              "value": {
                                "type": "Name",
                                "lineno": 18,
                                "col_offset": 10,
                                "id": "self"
                              },
                              "attr": "ctrl2img"
                            },
                            "args": [
                              {
                                "type": "Name",
                                "lineno": 18,
                                "col_offset": 24,
                                "id": "files"
                              }
                            ],
                            "keywords": [
                              {
                                "type": "keyword",
                                "lineno": 18,
                                "col_offset": 31,
                                "arg": null,
                                "value": {
                                  "type": "Name",
                                  "lineno": 18,
                                  "col_offset": 33,
                                  "id": "params"
                                }
                              }
                            ]
                          }
                        }
                      ],
                      "orelse": []
                    }
                  ]
                }
              ]
            }
          ],
          "decorator_list": [],
          "returns": null,
          "type_comment": null,
          "type_params": []
        },
        {
          "type": "FunctionDef",
          "lineno": 21,
          "col_offset": 1,
          "name": "txt2img",
          "args": {
            "type": "arguments",
            "posonlyargs": [],
            "args": [
              {
                "type": "arg",
                "lineno": 21,
                "col_offset": 13,
                "arg": "self",
                "annotation": null,
                "type_comment": null
              }
            ],
            "vararg": null,
            "kwonlyargs": [],
            "kw_defaults": [],
            "kwarg": {
              "type": "arg",
              "lineno": 21,
              "col_offset": 21,
              "arg": "params",
              "annotation": null,
              "type_comment": null
            },
            "defaults": []
          },
          "body": [
            {
              "type": "With",
              "lineno": 22,
              "col_offset": 2,
              "items": [
                {
                  "type": "withitem",
                  "context_expr": {
                    "type": "Call",
                    "lineno": 22,
                    "col_offset": 7,
                    "func": {
                      "type": "Name",
                      "lineno": 22,
                      "col_offset": 7,
                      "id": "progress_tracking"
                    },
                    "args": [],
                    "keywords": [
                      {
                        "type": "keyword",
                        "lineno": 22,
                        "col_offset": 25,
                        "arg": "callback",
                        "value": {
                          "type": "Attribute",
                          "lineno": 22,
                          "col_offset": 34,
                          "value": {
                            "type": "Name",
                            "lineno": 22,
                            "col_offset": 34,
                            "id": "self"
                          },
                          "attr": "dispatch_progress"
                        }
                      }
                    ]
                  },
                  "optional_vars": null
                }
              ],
              "body": [
                {
                  "type": "Assign",
                  "lineno": 23,
                  "col_offset": 3,
                  "targets": [
                    {
                      "type": "Name",
                      "lineno": 23,
                      "col_offset": 3,
                      "id": "result_image"
                    }
                  ],
                  "value": {
                    "type": "Subscript",
                    "lineno": 23,
                    "col_offset": 18,
                    "value": {
                      "type": "Call",
                      "lineno": 23,
                      "col_offset": 18,
                      "func": {
                        "type": "Name",
                        "lineno": 23,
                        "col_offset": 18,
                        "id": "txt2img"
                      },
                      "args": [],
                      "keywords": [
                        {
                          "type": "keyword",
                          "lineno": 24,
                          "col_offset": 4,
                          "arg": "config",
                          "value": {
                            "type": "Attribute",
                            "lineno": 24,
                            "col_offset": 11,
                            "value": {
                              "type": "Name",
                              "lineno": 24,
                              "col_offset": 11,
                              "id": "self"
                            },
                            "attr": "config"
                          }
                        },
                        {
                          "type": "keyword",
                          "lineno": 25,
                          "col_offset": 4,
                          "arg": "params",
                          "value": {
                            "type": "Call",
                            "lineno": 25,
                            "col_offset": 11,
                            "func": {
                              "type": "Name",
                              "lineno": 25,
                              "col_offset": 11,
                              "id": "Txt2ImgParams"
                            },
                            "args": [],
                            "keywords": [
                              {
                                "type": "keyword",
                                "lineno": 26,
                                "col_offset": 5,
                                "arg": "width",
                                "value": {
                                  "type": "Subscript",
                                  "lineno": 26,
                                  "col_offset": 11,
                                  "value": {
                                    "type": "Name",
                                    "lineno": 26,
                                    "col_offset": 11,
                                    "id": "params"
                                  },
                                  "slice": {
                                    "type": "Constant",
                                    "lineno": 26,
                                    "col_offset": 18,
                                    "value": "width",
                                    "kind": null
                                  }
                                }
                              },
                              {
                                "type": "keyword",
                                "lineno": 27,
                                "col_offset": 5,
                                "arg": "height",
                                "value": {
                                  "type": "Subscript",
                                  "lineno": 27,
                                  "col_offset": 12,
                                  "value": {
                                    "type": "Name",
                                    "lineno": 27,
                                    "col_offset": 12,
                                    "id": "params"
                                  },
                                  "slice": {
                                    "type": "Constant",
                                    "lineno": 27,
                                    "col_offset": 19,
                                    "value": "height",
                                    "kind": null
                                  }
                                }
                              },
                              {
                                "type": "keyword",
                                "lineno": 28,
                                "col_offset": 5,
                                "arg": "prompt",
                                "value": {
                                  "type": "Subscript",
                                  "lineno": 28,
                                  "col_offset": 12,
                                  "value": {
                                    "type": "Name",
                                    "lineno": 28,
                                    "col_offset": 12,
                                    "id": "params"
                                  },
                                  "slice": {
                                    "type": "Constant",
                                    "lineno": 28,
                                    "col_offset": 19,
                                    "value": "prompt",
                                    "kind": null
                                  }
                                }
                              },
                              {
                                "type": "keyword",
                                "lineno": 29,
                                "col_offset": 5,
                                "arg": "sampler",
                                "value": {
                                  "type": "Subscript",
                                  "lineno": 29,
                                  "col_offset": 13,
                                  "value": {
                                    "type": "Name",
                                    "lineno": 29,
                                    "col_offset": 13,
                                    "id": "params"
                                  },
                                  "slice": {
                                    "type": "Constant",
                                    "lineno": 29,
                                    "col_offset": 20,
                                    "value": "sampler",
                                    "kind": null
                                  }
                                }
                              },
                              {
                                "type": "keyword",
                                "lineno": 30,
                                "col_offset": 5,
                                "arg": "steps",
                                "value": {
                                  "type": "Subscript",
                                  "lineno": 30,
                                  "col_offset": 11,
                                  "value": {
                                    "type": "Name",
                                    "lineno": 30,
                                    "col_offset": 11,
                                    "id": "params"
                                  },
                                  "slice": {
                                    "type": "Constant",
                                    "lineno": 30,
                                    "col_offset": 18,
                                    "value": "steps",
                                    "kind": null
                                  }
                                }
                              },
                              {
                                "type": "keyword",
                                "lineno": 31,
                                "col_offset": 5,
                                "arg": "cfg_scale",
                                "value": {
                                  "type": "Subscript",
                                  "lineno": 31,
                                  "col_offset": 15,
                                  "value": {
                                    "type": "Name",
                                    "lineno": 31,
                                    "col_offset": 15,
                                    "id": "params"
                                  },
                                  "slice": {
                                    "type": "Constant",
                                    "lineno": 31,
                                    "col_offset": 22,
                                    "value": "cfg_scale",
                                    "kind": null
                                  }
                                }
                              },
                              {
                                "type": "keyword",
                                "lineno": 32,
                                "col_offset": 5,
                                "arg": "seed",
                                "value": {
                                  "type": "Subscript",
                                  "lineno": 32,
                                  "col_offset": 10,
                                  "value": {
                                    "type": "Name",
                                    "lineno": 32,
                                    "col_offset": 10,
                                    "id": "params"
                                  },
                                  "slice": {
                                    "type": "Constant",
                                    "lineno": 32,
                                    "col_offset": 17,
                                    "value": "seed",
                                    "kind": null
                                  }
                                }
                              }
                            ]
                          }
                        }
                      ]
                    },
                    "slice": {
                      "type": "Constant",
                      "lineno": 34,
                      "col_offset": 5,
                      "value": 0,
                      "kind": null
                    }
                  },
                  "type_comment": null
                }
              ],
              "type_comment": null
            },
            {
              "type": "Return",
              "lineno": 36,
              "col_offset": 2,
              "value": {
                "type": "Dict",
                "lineno": 36,
                "col_offset": 9,
                "keys": [
                  {
                    "type": "Constant",
                    "lineno": 37,
                    "col_offset": 3,
                    "value": "files",
                    "kind": null
                  }
                ],
                "values": [
                  {
                    "type": "Dict",
                    "lineno": 37,
                    "col_offset": 12,
                    "keys": [
                      {
                        "type": "Constant",
                        "lineno": 38,
                        "col_offset": 4,
                        "value": "result",
                        "kind": null
                      }
                    ],
                    "values": [
                      {
                        "type": "Call",
                        "lineno": 38,
                        "col_offset": 14,
                        "func": {
                          "type": "Name",
                          "lineno": 38,
                          "col_offset": 14,
                          "id": "image2blob"
                        },
                        "args": [
                          {
                            "type": "Name",
                            "lineno": 38,
                            "col_offset": 25,
                            "id": "result_image"
                          }
                        ],
                        "keywords": []
                      }
                    ]
                  }
                ]
              }
            }
          ],
          "decorator_list": [],
          "returns": null,
          "type_comment": null,
          "type_params": []
        },
        {
          "type": "FunctionDef",
          "lineno": 42,
          "col_offset": 1,
          "name": "img2img",
          "args": {
            "type": "arguments",
            "posonlyargs": [],
            "args": [
              {
                "type": "arg",
                "lineno": 42,
                "col_offset": 13,
                "arg": "self",
                "annotation": null,
                "type_comment": null
              },
              {
                "type": "arg",
                "lineno": 42,
                "col_offset": 19,
                "arg": "files",
                "annotation": null,
                "type_comment": null
              },
              {
                "type": "arg",
                "lineno": 42,
                "col_offset": 26,
                "arg": "frame",
                "annotation": null,
                "type_comment": null
              }
            ],
            "vararg": null,
            "kwonlyargs": [],
            "kw_defaults": [],
            "kwarg": {
              "type": "arg",
              "lineno": 42,
              "col_offset": 40,
              "arg": "params",
              "annotation": null,
              "type_comment": null
            },
            "defaults": [
              {
                "type": "Constant",
                "lineno": 42,
                "col_offset": 32,
                "value": null,
                "kind": null
              }
            ]
          },
          "body": [
            {
              "type": "Assign",
              "lineno": 43,
              "col_offset": 2,
              "targets": [
                {
                  "type": "Name",
                  "lineno": 43,
                  "col_offset": 2,
                  "id": "context_image"
                }
              ],
              "value": {
                "type": "Call",
                "lineno": 43,
                "col_offset": 18,
                "func": {
                  "type": "Name",
                  "lineno": 43,
                  "col_offset": 18,
                  "id": "blob2image"
                },
                "args": [
                  {
                    "type": "Subscript",
                    "lineno": 43,
                    "col_offset": 29,
                    "value": {
                      "type": "Name",
                      "lineno": 43,
                      "col_offset": 29,
                      "id": "files"
                    },
                    "slice": {
                      "type": "Constant",
                      "lineno": 43,
                      "col_offset": 35,
                      "value": "context",
                      "kind": null
                    }
                  }
                ],
                "keywords": []
              },
              "type_comment": null
            },
            {
              "type": "Assign",
              "lineno": 44,
              "col_offset": 2,
              "targets": [
                {
                  "type": "Name",
                  "lineno": 44,
                  "col_offset": 2,
                  "id": "mask_image"
                }
              ],
              "value": {
                "type": "IfExp",
                "lineno": 44,
                "col_offset": 15,
                "test": {
                  "type": "Compare",
                  "lineno": 44,
                  "col_offset": 44,
                  "left": {
                    "type": "Constant",
                    "lineno": 44,
                    "col_offset": 44,
                    "value": "mask",
                    "kind": null
                  },
                  "ops": [
                    {
                      "type": "In"
                    }
                  ],
                  "comparators": [
                    {
                      "type": "Name",
                      "lineno": 44,
                      "col_offset": 54,
                      "id": "files"
                    }
                  ]
                },
                "body": {
                  "type": "Call",
                  "lineno": 44,
                  "col_offset": 15,
                  "func": {
                    "type": "Name",
                    "lineno": 44,
                    "col_offset": 15,
                    "id": "blob2image"
                  },
                  "args": [
                    {
                      "type": "Subscript",
                      "lineno": 44,
                      "col_offset": 26,
                      "value": {
                        "type": "Name",
                        "lineno": 44,
                        "col_offset": 26,
                        "id": "files"
                      },
                      "slice": {
                        "type": "Constant",
                        "lineno": 44,
                        "col_offset": 32,
                        "value": "mask",
                        "kind": null
                      }
                    }
                  ],
                  "keywords": []
                },
                "orelse": {
                  "type": "Constant",
                  "lineno": 44,
                  "col_offset": 65,
                  "value": null,
                  "kind": null
                }
              },
              "type_comment": null
            },
            {
              "type": "With",
              "lineno": 46,
              "col_offset": 2,
              "items": [
                {
                  "type": "withitem",
                  "context_expr": {
                    "type": "Call",
                    "lineno": 46,
                    "col_offset": 7,
                    "func": {
                      "type": "Name",
                      "lineno": 46,
                      "col_offset": 7,
                      "id": "progress_tracking"
                    },
                    "args": [],
                    "keywords": [
                      {
                        "type": "keyword",
                        "lineno": 46,
                        "col_offset": 25,
                        "arg": "callback",
                        "value": {
                          "type": "Attribute",
                          "lineno": 46,
                          "col_offset": 34,
                          "value": {
                            "type": "Name",
                            "lineno": 46,
                            "col_offset": 34,
                            "id": "self"
                          },
                          "attr": "dispatch_progress"
                        }
                      }
                    ]
                  },
                  "optional_vars": null
                }
              ],
              "body": [
                {
                  "type": "Assign",
                  "lineno": 47,
                  "col_offset": 3,
                  "targets": [
                    {
                      "type": "Name",
                      "lineno": 47,
                      "col_offset": 3,
                      "id": "result_image"
                    }
                  ],
                  "value": {
                    "type": "Subscript",
                    "lineno": 47,
                    "col_offset": 18,
                    "value": {
                      "type": "Call",
                      "lineno": 47,
                      "col_offset": 18,
                      "func": {
                        "type": "Name",
                        "lineno": 47,
                        "col_offset": 18,
                        "id": "img2img"
                      },
                      "args": [],
                      "keywords": [
                        {
                          "type": "keyword",
                          "lineno": 48,
                          "col_offset": 4,
                          "arg": "config",
                          "value": {
                            "type": "Attribute",
                            "lineno": 48,
                            "col_offset": 11,
                            "value": {
                              "type": "Name",
                              "lineno": 48,
                              "col_offset": 11,
                              "id": "self"
                            },
                            "attr": "config"
                          }
                        },
                        {
                          "type": "keyword",
                          "lineno": 49,
                          "col_offset": 4,
                          "arg": "params",
                          "value": {
                            "type": "Call",
                            "lineno": 49,
                            "col_offset": 11,
                            "func": {
                              "type": "Name",
                              "lineno": 49,
                              "col_offset": 11,
                              "id": "Img2ImgParams"
                            },
                            "args": [],
                            "keywords": [
                              {
                                "type": "keyword",
                                "lineno": 50,
                                "col_offset": 5,
                                "arg": "width",
                                "value": {
                                  "type": "Subscript",
                                  "lineno": 50,
                                  "col_offset": 11,
                                  "value": {
                                    "type": "Name",
                                    "lineno": 50,
                                    "col_offset": 11,
                                    "id": "params"
                                  },
                                  "slice": {
                                    "type": "Constant",
                                    "lineno": 50,
                                    "col_offset": 18,
                                    "value": "width",
                                    "kind": null
                                  }
                                }
                              },
                              {
                                "type": "keyword",
                                "lineno": 51,
                                "col_offset": 5,
                                "arg": "height",
                                "value": {
                                  "type": "Subscript",
                                  "lineno": 51,
                                  "col_offset": 12,
                                  "value": {
                                    "type": "Name",
                                    "lineno": 51,
                                    "col_offset": 12,
                                    "id": "params"
                                  },
                                  "slice": {
                                    "type": "Constant",
                                    "lineno": 51,
                                    "col_offset": 19,
                                    "value": "height",
                                    "kind": null
                                  }
                                }
                              },
                              {
                                "type": "keyword",
                                "lineno": 52,
                                "col_offset": 5,
                                "arg": "prompt",
                                "value": {
                                  "type": "Subscript",
                                  "lineno": 52,
                                  "col_offset": 12,
                                  "value": {
                                    "type": "Name",
                                    "lineno": 52,
                                    "col_offset": 12,
                                    "id": "params"
                                  },
                                  "slice": {
                                    "type": "Constant",
                                    "lineno": 52,
                                    "col_offset": 19,
                                    "value": "prompt",
                                    "kind": null
                                  }
                                }
                              },
                              {
                                "type": "keyword",
                                "lineno": 53,
                                "col_offset": 5,
                                "arg": "sampler",
                                "value": {
                                  "type": "Subscript",
                                  "lineno": 53,
                                  "col_offset": 13,
                                  "value": {
                                    "type": "Name",
                                    "lineno": 53,
                                    "col_offset": 13,
                                    "id": "params"
                                  },
                                  "slice": {
                                    "type": "Constant",
                                    "lineno": 53,
                                    "col_offset": 20,
                                    "value": "sampler",
                                    "kind": null
                                  }
                                }
                              },
                              {
                                "type": "keyword",
                                "lineno": 54,
                                "col_offset": 5,
                                "arg": "steps",
                                "value": {
                                  "type": "Subscript",
                                  "lineno": 54,
                                  "col_offset": 11,
                                  "value": {
                                    "type": "Name",
                                    "lineno": 54,
                                    "col_offset": 11,
                                    "id": "params"
                                  },
                                  "slice": {
                                    "type": "Constant",
                                    "lineno": 54,
                                    "col_offset": 18,
                                    "value": "steps",
                                    "kind": null
                                  }
                                }
                              },
                              {
                                "type": "keyword",
                                "lineno": 55,
                                "col_offset": 5,
                                "arg": "cfg_scale",
                                "value": {
                                  "type": "Subscript",
                                  "lineno": 55,
                                  "col_offset": 15,
                                  "value": {
                                    "type": "Name",
                                    "lineno": 55,
                                    "col_offset": 15,
                                    "id": "params"
                                  },
                                  "slice": {
                                    "type": "Constant",
                                    "lineno": 55,
                                    "col_offset": 22,
                                    "value": "cfg_scale",
                                    "kind": null
                                  }
                                }
                              },
                              {
                                "type": "keyword",
                                "lineno": 56,
                                "col_offset": 5,
                                "arg": "denoising_strength",
                                "value": {
                                  "type": "Subscript",
                                  "lineno": 56,
                                  "col_offset": 24,
                                  "value": {
                                    "type": "Name",
                                    "lineno": 56,
                                    "col_offset": 24,
                                    "id": "params"
                                  },
                                  "slice": {
                                    "type": "Constant",
                                    "lineno": 56,
                                    "col_offset": 31,
                                    "value": "denoising_strength",
                                    "kind": null
                                  }
                                }
                              },
                              {
                                "type": "keyword",
                                "lineno": 57,
                                "col_offset": 5,
                                "arg": "seed",
                                "value": {
                                  "type": "Subscript",
                                  "lineno": 57,
                                  "col_offset": 10,
                                  "value": {
                                    "type": "Name",
                                    "lineno": 57,
                                    "col_offset": 10,
                                    "id": "params"
                                  },
                                  "slice": {
                                    "type": "Constant",
                                    "lineno": 57,
                                    "col_offset": 17,
                                    "value": "seed",
                                    "kind": null
                                  }
                                }
                              }
                            ]
                          }
                        },
                        {
                          "type": "keyword",
                          "lineno": 59,
                          "col_offset": 4,
                          "arg": "image",
                          "value": {
                            "type": "Name",
                            "lineno": 59,
                            "col_offset": 10,
                            "id": "context_image"
                          }
                        },
                        {
                          "type": "keyword",
                          "lineno": 60,
                          "col_offset": 4,
                          "arg": "mask",
                          "value": {
                            "type": "Name",
                            "lineno": 60,
                            "col_offset": 9,
                            "id": "mask_image"
                          }
                        }
                      ]
                    },
                    "slice": {
                      "type": "Constant",
                      "lineno": 61,
                      "col_offset": 5,
                      "value": 0,
                      "kind": null
                    }
                  },
                  "type_comment": null
                }
              ],
              "type_comment": null
            },
            {
              "type": "If",
              "lineno": 63,
              "col_offset": 2,
              "test": {
                "type": "Compare",
                "lineno": 63,
                "col_offset": 5,
                "left": {
                  "type": "Name",
                  "lineno": 63,
                  "col_offset": 5,
                  "id": "mask_image"
                },
                "ops": [
                  {
                    "type": "IsNot"
                  }
                ],
                "comparators": [
                  {
                    "type": "Constant",
                    "lineno": 63,
                    "col_offset": 23,
                    "value": null,
                    "kind": null
                  }
                ]
              },
              "body": [
                {
                  "type": "Expr",
                  "lineno": 64,
                  "col_offset": 3,
                  "value": {
                    "type": "Call",
                    "lineno": 64,
                    "col_offset": 3,
                    "func": {
                      "type": "Attribute",
                      "lineno": 64,
                      "col_offset": 3,
                      "value": {
                        "type": "Name",
                        "lineno": 64,
                        "col_offset": 3,
                        "id": "result_image"
                      },
                      "attr": "putalpha"
                    },
                    "args": [
                      {
                        "type": "Call",
                        "lineno": 64,
                        "col_offset": 25,
                        "func": {
                          "type": "Attribute",
                          "lineno": 64,
                          "col_offset": 25,
                          "value": {
                            "type": "Name",
                            "lineno": 64,
                            "col_offset": 25,
                            "id": "mask_image"
                          },
                          "attr": "convert"
                        },
                        "args": [
                          {
                            "type": "Constant",
                            "lineno": 64,
                            "col_offset": 44,
                            "value": "L",
                            "kind": null
                          }
                        ],
                        "keywords": []
                      }
                    ],
                    "keywords": []
                  }
                }
              ],
              "orelse": []
            },
            {
              "type": "If",
              "lineno": 66,
              "col_offset": 2,
              "test": {
                "type": "Compare",
                "lineno": 66,
                "col_offset": 5,
                "left": {
                  "type": "Name",
                  "lineno": 66,
                  "col_offset": 5,
                  "id": "frame"
                },
                "ops": [
                  {
                    "type": "IsNot"
                  }
                ],
                "comparators": [
                  {
                    "type": "Constant",
                    "lineno": 66,
                    "col_offset": 18,
                    "value": null,
                    "kind": null
                  }
                ]
              },
              "body": [
                {
                  "type": "Assign",
                  "lineno": 67,
                  "col_offset": 3,
                  "targets": [
                    {
                      "type": "Name",
                      "lineno": 67,
                      "col_offset": 3,
                      "id": "result_image"
                    }
                  ],
                  "value": {
                    "type": "Call",
                    "lineno": 67,
                    "col_offset": 18,
                    "func": {
                      "type": "Attribute",
                      "lineno": 67,
                      "col_offset": 18,
                      "value": {
                        "type": "Name",
                        "lineno": 67,
                        "col_offset": 18,
                        "id": "result_image"
                      },
                      "attr": "crop"
                    },
                    "args": [
                      {
                        "type": "Tuple",
                        "lineno": 67,
                        "col_offset": 36,
                        "elts": [
                          {
                            "type": "Subscript",
                            "lineno": 68,
                            "col_offset": 4,
                            "value": {
                              "type": "Name",
                              "lineno": 68,
                              "col_offset": 4,
                              "id": "frame"
                            },
                            "slice": {
                              "type": "Constant",
                              "lineno": 68,
                              "col_offset": 10,
                              "value": "x",
                              "kind": null
                            }
                          },
                          {
                            "type": "Subscript",
                            "lineno": 69,
                            "col_offset": 4,
                            "value": {
                              "type": "Name",
                              "lineno": 69,
                              "col_offset": 4,
                              "id": "frame"
                            },
                            "slice": {
                              "type": "Constant",
                              "lineno": 69,
                              "col_offset": 10,
                              "value": "y",
                              "kind": null
                            }
                          },
                          {
                            "type": "BinOp",
                            "lineno": 70,
                            "col_offset": 4,
                            "left": {
                              "type": "Subscript",
                              "lineno": 70,
                              "col_offset": 4,
                              "value": {
                                "type": "Name",
                                "lineno": 70,
                                "col_offset": 4,
                                "id": "frame"
                              },
                              "slice": {
                                "type": "Constant",
                                "lineno": 70,
                                "col_offset": 10,
                                "value": "x",
                                "kind": null
                              }
                            },
                            "op": {
                              "type": "Add"
                            },
                            "right": {
                              "type": "Subscript",
                              "lineno": 70,
                              "col_offset": 17,
                              "value": {
                                "type": "Name",
                                "lineno": 70,
                                "col_offset": 17,
                                "id": "frame"
                              },
                              "slice": {
                                "type": "Constant",
                                "lineno": 70,
                                "col_offset": 23,
                                "value": "w",
                                "kind": null
                              }
                            }
                          },
                          {
                            "type": "BinOp",
                            "lineno": 71,
                            "col_offset": 4,
                            "left": {
                              "type": "Subscript",
                              "lineno": 71,
                              "col_offset": 4,
                              "value": {
                                "type": "Name",
                                "lineno": 71,
                                "col_offset": 4,
                                "id": "frame"
                              },
                              "slice": {
                                "type": "Constant",
                                "lineno": 71,
                                "col_offset": 10,
                                "value": "y",
                                "kind": null
                              }
                            },
                            "op": {
                              "type": "Add"
                            },
                            "right": {
                              "type": "Subscript",
                              "lineno": 71,
                              "col_offset": 17,
                              "value": {
                                "type": "Name",
                                "lineno": 71,
                                "col_offset": 17,
                                "id": "frame"
                              },
                              "slice": {
                                "type": "Constant",
                                "lineno": 71,
                                "col_offset": 23,
                                "value": "h",
                                "kind": null
                              }
                            }
                          }
                        ]
                      }
                    ],
                    "keywords": []
                  },
                  "type_comment": null
                }
              ],
              "orelse": []
            },
            {
              "type": "Return",
              "lineno": 74,
              "col_offset": 2,
              "value": {
                "type": "Dict",
                "lineno": 74,
                "col_offset": 9,
                "keys": [
                  {
                    "type": "Constant",
                    "lineno": 75,
                    "col_offset": 3,
                    "value": "files",
                    "kind": null
                  }
                ],
                "values": [
                  {
                    "type": "Dict",
                    "lineno": 75,
                    "col_offset": 12,
                    "keys": [
                      {
                        "type": "Constant",
                        "lineno": 76,
                        "col_offset": 4,
                        "value": "result",
                        "kind": null
                      }
                    ],
                    "values": [
                      {
                        "type": "Call",
                        "lineno": 76,
                        "col_offset": 14,
                        "func": {
                          "type": "Name",
                          "lineno": 76,
                          "col_offset": 14,
                          "id": "image2blob"
                        },
                        "args": [
                          {
                            "type": "Name",
                            "lineno": 76,
                            "col_offset": 25,
                            "id": "result_image"
                          }
                        ],
                        "keywords": []
                      }
                    ]
                  }
                ]
              }
            }
          ],
          "decorator_list": [],
          "returns": null,
          "type_comment": null,
          "type_params": []
        },
        {
          "type": "FunctionDef",
          "lineno": 80,
          "col_offset": 1,
          "name": "ctrl2img",
          "args": {
            "type": "arguments",
            "posonlyargs": [],
            "args": [
              {
                "type": "arg",
                "lineno": 80,
                "col_offset": 14,
                "arg": "self",
                "annotation": null,
                "type_comment": null
              },
              {
                "type": "arg",
                "lineno": 80,
                "col_offset": 20,
                "arg": "files",
                "annotation": null,
                "type_comment": null
              },
              {
                "type": "arg",
                "lineno": 80,
                "col_offset": 27,
                "arg": "frame",
                "annotation": null,
                "type_comment": null
              }
            ],
            "vararg": null,
            "kwonlyargs": [],
            "kw_defaults": [],
            "kwarg": {
              "type": "arg",
              "lineno": 80,
              "col_offset": 41,
              "arg": "params",
              "annotation": null,
              "type_comment": null
            },
            "defaults": [
              {
                "type": "Constant",
                "lineno": 80,
                "col_offset": 33,
                "value": null,
                "kind": null
              }
            ]
          },
          "body": [
            {
              "type": "Assign",
              "lineno": 81,
              "col_offset": 2,
              "targets": [
                {
                  "type": "Name",
                  "lineno": 81,
                  "col_offset": 2,
                  "id": "context_image"
                }
              ],
              "value": {
                "type": "Call",
                "lineno": 81,
                "col_offset": 18,
                "func": {
                  "type": "Name",
                  "lineno": 81,
                  "col_offset": 18,
                  "id": "blob2image"
                },
                "args": [
                  {
                    "type": "Subscript",
                    "lineno": 81,
                    "col_offset": 29,
                    "value": {
                      "type": "Name",
                      "lineno": 81,
                      "col_offset": 29,
                      "id": "files"
                    },
                    "slice": {
                      "type": "Constant",
                      "lineno": 81,
                      "col_offset": 35,
                      "value": "context",
                      "kind": null
                    }
                  }
                ],
                "keywords": []
              },
              "type_comment": null
            },
            {
              "type": "Assign",
              "lineno": 82,
              "col_offset": 2,
              "targets": [
                {
                  "type": "Name",
                  "lineno": 82,
                  "col_offset": 2,
                  "id": "mask_image"
                }
              ],
              "value": {
                "type": "IfExp",
                "lineno": 82,
                "col_offset": 15,
                "test": {
                  "type": "Compare",
                  "lineno": 82,
                  "col_offset": 44,
                  "left": {
                    "type": "Constant",
                    "lineno": 82,
                    "col_offset": 44,
                    "value": "mask",
                    "kind": null
                  },
                  "ops": [
                    {
                      "type": "In"
                    }
                  ],
                  "comparators": [
                    {
                      "type": "Name",
                      "lineno": 82,
                      "col_offset": 54,
                      "id": "files"
                    }
                  ]
                },
                "body": {
                  "type": "Call",
                  "lineno": 82,
                  "col_offset": 15,
                  "func": {
                    "type": "Name",
                    "lineno": 82,
                    "col_offset": 15,
                    "id": "blob2image"
                  },
                  "args": [
                    {
                      "type": "Subscript",
                      "lineno": 82,
                      "col_offset": 26,
                      "value": {
                        "type": "Name",
                        "lineno": 82,
                        "col_offset": 26,
                        "id": "files"
                      },
                      "slice": {
                        "type": "Constant",
                        "lineno": 82,
                        "col_offset": 32,
                        "value": "mask",
                        "kind": null
                      }
                    }
                  ],
                  "keywords": []
                },
                "orelse": {
                  "type": "Constant",
                  "lineno": 82,
                  "col_offset": 65,
                  "value": null,
                  "kind": null
                }
              },
              "type_comment": null
            },
            {
              "type": "With",
              "lineno": 84,
              "col_offset": 2,
              "items": [
                {
                  "type": "withitem",
                  "context_expr": {
                    "type": "Call",
                    "lineno": 84,
                    "col_offset": 7,
                    "func": {
                      "type": "Name",
                      "lineno": 84,
                      "col_offset": 7,
                      "id": "progress_tracking"
                    },
                    "args": [],
                    "keywords": [
                      {
                        "type": "keyword",
                        "lineno": 84,
                        "col_offset": 25,
                        "arg": "callback",
                        "value": {
                          "type": "Attribute",
                          "lineno": 84,
                          "col_offset": 34,
                          "value": {
                            "type": "Name",
                            "lineno": 84,
                            "col_offset": 34,
                            "id": "self"
                          },
                          "attr": "dispatch_progress"
                        }
                      }
                    ]
                  },
                  "optional_vars": null
                }
              ],
              "body": [
                {
                  "type": "Assign",
                  "lineno": 85,
                  "col_offset": 3,
                  "targets": [
                    {
                      "type": "Name",
                      "lineno": 85,
                      "col_offset": 3,
                      "id": "result_image"
                    }
                  ],
                  "value": {
                    "type": "Subscript",
                    "lineno": 85,
                    "col_offset": 18,
                    "value": {
                      "type": "Call",
                      "lineno": 85,
                      "col_offset": 18,
                      "func": {
                        "type": "Name",
                        "lineno": 85,
                        "col_offset": 18,
                        "id": "ctrl2img"
                      },
                      "args": [],
                      "keywords": [
                        {
                          "type": "keyword",
                          "lineno": 86,
                          "col_offset": 4,
                          "arg": "config",
                          "value": {
                            "type": "Attribute",
                            "lineno": 86,
                            "col_offset": 11,
                            "value": {
                              "type": "Name",
                              "lineno": 86,
                              "col_offset": 11,
                              "id": "self"
                            },
                            "attr": "config"
                          }
                        },
                        {
                          "type": "keyword",
                          "lineno": 87,
                          "col_offset": 4,
                          "arg": "params",
                          "value": {
                            "type": "Call",
                            "lineno": 87,
                            "col_offset": 11,
                            "func": {
                              "type": "Name",
                              "lineno": 87,
                              "col_offset": 11,
                              "id": "Ctrl2ImgParams"
                            },
                            "args": [],
                            "keywords": [
                              {
                                "type": "keyword",
                                "lineno": 88,
                                "col_offset": 5,
                                "arg": "width",
                                "value": {
                                  "type": "Subscript",
                                  "lineno": 88,
                                  "col_offset": 11,
                                  "value": {
                                    "type": "Name",
                                    "lineno": 88,
                                    "col_offset": 11,
                                    "id": "params"
                                  },
                                  "slice": {
                                    "type": "Constant",
                                    "lineno": 88,
                                    "col_offset": 18,
                                    "value": "width",
                                    "kind": null
                                  }
                                }
                              },
                              {
                                "type": "keyword",
                                "lineno": 89,
                                "col_offset": 5,
                                "arg": "height",
                                "value": {
                                  "type": "Subscript",
                                  "lineno": 89,
                                  "col_offset": 12,
                                  "value": {
                                    "type": "Name",
                                    "lineno": 89,
                                    "col_offset": 12,
                                    "id": "params"
                                  },
                                  "slice": {
                                    "type": "Constant",
                                    "lineno": 89,
                                    "col_offset": 19,
                                    "value": "height",
                                    "kind": null
                                  }
                                }
                              },
                              {
                                "type": "keyword",
                                "lineno": 90,
                                "col_offset": 5,
                                "arg": "prompt",
                                "value": {
                                  "type": "Subscript",
                                  "lineno": 90,
                                  "col_offset": 12,
                                  "value": {
                                    "type": "Name",
                                    "lineno": 90,
                                    "col_offset": 12,
                                    "id": "params"
                                  },
                                  "slice": {
                                    "type": "Constant",
                                    "lineno": 90,
                                    "col_offset": 19,
                                    "value": "prompt",
                                    "kind": null
                                  }
                                }
                              },
                              {
                                "type": "keyword",
                                "lineno": 91,
                                "col_offset": 5,
                                "arg": "sampler",
                                "value": {
                                  "type": "Subscript",
                                  "lineno": 91,
                                  "col_offset": 13,
                                  "value": {
                                    "type": "Name",
                                    "lineno": 91,
                                    "col_offset": 13,
                                    "id": "params"
                                  },
                                  "slice": {
                                    "type": "Constant",
                                    "lineno": 91,
                                    "col_offset": 20,
                                    "value": "sampler",
                                    "kind": null
                                  }
                                }
                              },
                              {
                                "type": "keyword",
                                "lineno": 92,
                                "col_offset": 5,
                                "arg": "steps",
                                "value": {
                                  "type": "Subscript",
                                  "lineno": 92,
                                  "col_offset": 11,
                                  "value": {
                                    "type": "Name",
                                    "lineno": 92,
                                    "col_offset": 11,
                                    "id": "params"
                                  },
                                  "slice": {
                                    "type": "Constant",
                                    "lineno": 92,
                                    "col_offset": 18,
                                    "value": "steps",
                                    "kind": null
                                  }
                                }
                              },
                              {
                                "type": "keyword",
                                "lineno": 93,
                                "col_offset": 5,
                                "arg": "cfg_scale",
                                "value": {
                                  "type": "Subscript",
                                  "lineno": 93,
                                  "col_offset": 15,
                                  "value": {
                                    "type": "Name",
                                    "lineno": 93,
                                    "col_offset": 15,
                                    "id": "params"
                                  },
                                  "slice": {
                                    "type": "Constant",
                                    "lineno": 93,
                                    "col_offset": 22,
                                    "value": "cfg_scale",
                                    "kind": null
                                  }
                                }
                              },
                              {
                                "type": "keyword",
                                "lineno": 94,
                                "col_offset": 5,
                                "arg": "denoising_strength",
                                "value": {
                                  "type": "Subscript",
                                  "lineno": 94,
                                  "col_offset": 24,
                                  "value": {
                                    "type": "Name",
                                    "lineno": 94,
                                    "col_offset": 24,
                                    "id": "params"
                                  },
                                  "slice": {
                                    "type": "Constant",
                                    "lineno": 94,
                                    "col_offset": 31,
                                    "value": "denoising_strength",
                                    "kind": null
                                  }
                                }
                              },
                              {
                                "type": "keyword",
                                "lineno": 95,
                                "col_offset": 5,
                                "arg": "seed",
                                "value": {
                                  "type": "Subscript",
                                  "lineno": 95,
                                  "col_offset": 10,
                                  "value": {
                                    "type": "Name",
                                    "lineno": 95,
                                    "col_offset": 10,
                                    "id": "params"
                                  },
                                  "slice": {
                                    "type": "Constant",
                                    "lineno": 95,
                                    "col_offset": 17,
                                    "value": "seed",
                                    "kind": null
                                  }
                                }
                              }
                            ]
                          }
                        },
                        {
                          "type": "keyword",
                          "lineno": 97,
                          "col_offset": 4,
                          "arg": "image",
                          "value": {
                            "type": "Name",
                            "lineno": 97,
                            "col_offset": 10,
                            "id": "context_image"
                          }
                        },
                        {
                          "type": "keyword",
                          "lineno": 98,
                          "col_offset": 4,
                          "arg": "mask",
                          "value": {
                            "type": "Name",
                            "lineno": 98,
                            "col_offset": 9,
                            "id": "mask_image"
                          }
                        }
                      ]
                    },
                    "slice": {
                      "type": "Constant",
                      "lineno": 99,
                      "col_offset": 5,
                      "value": 0,
                      "kind": null
                    }
                  },
                  "type_comment": null
                }
              ],
              "type_comment": null
            },
            {
              "type": "If",
              "lineno": 101,
              "col_offset": 2,
              "test": {
                "type": "Compare",
                "lineno": 101,
                "col_offset": 5,
                "left": {
                  "type": "Name",
                  "lineno": 101,
                  "col_offset": 5,
                  "id": "mask_image"
                },
                "ops": [
                  {
                    "type": "IsNot"
                  }
                ],
                "comparators": [
                  {
                    "type": "Constant",
                    "lineno": 101,
                    "col_offset": 23,
                    "value": null,
                    "kind": null
                  }
                ]
              },
              "body": [
                {
                  "type": "Expr",
                  "lineno": 102,
                  "col_offset": 3,
                  "value": {
                    "type": "Call",
                    "lineno": 102,
                    "col_offset": 3,
                    "func": {
                      "type": "Attribute",
                      "lineno": 102,
                      "col_offset": 3,
                      "value": {
                        "type": "Name",
                        "lineno": 102,
                        "col_offset": 3,
                        "id": "result_image"
                      },
                      "attr": "putalpha"
                    },
                    "args": [
                      {
                        "type": "Call",
                        "lineno": 102,
                        "col_offset": 25,
                        "func": {
                          "type": "Attribute",
                          "lineno": 102,
                          "col_offset": 25,
                          "value": {
                            "type": "Name",
                            "lineno": 102,
                            "col_offset": 25,
                            "id": "mask_image"
                          },
                          "attr": "convert"
                        },
                        "args": [
                          {
                            "type": "Constant",
                            "lineno": 102,
                            "col_offset": 44,
                            "value": "L",
                            "kind": null
                          }
                        ],
                        "keywords": []
                      }
                    ],
                    "keywords": []
                  }
                }
              ],
              "orelse": []
            },
            {
              "type": "If",
              "lineno": 104,
              "col_offset": 2,
              "test": {
                "type": "Compare",
                "lineno": 104,
                "col_offset": 5,
                "left": {
                  "type": "Name",
                  "lineno": 104,
                  "col_offset": 5,
                  "id": "frame"
                },
                "ops": [
                  {
                    "type": "IsNot"
                  }
                ],
                "comparators": [
                  {
                    "type": "Constant",
                    "lineno": 104,
                    "col_offset": 18,
                    "value": null,
                    "kind": null
                  }
                ]
              },
              "body": [
                {
                  "type": "Assign",
                  "lineno": 105,
                  "col_offset": 3,
                  "targets": [
                    {
                      "type": "Name",
                      "lineno": 105,
                      "col_offset": 3,
                      "id": "result_image"
                    }
                  ],
                  "value": {
                    "type": "Call",
                    "lineno": 105,
                    "col_offset": 18,
                    "func": {
                      "type": "Attribute",
                      "lineno": 105,
                      "col_offset": 18,
                      "value": {
                        "type": "Name",
                        "lineno": 105,
                        "col_offset": 18,
                        "id": "result_image"
                      },
                      "attr": "crop"
                    },
                    "args": [
                      {
                        "type": "Tuple",
                        "lineno": 105,
                        "col_offset": 36,
                        "elts": [
                          {
                            "type": "Subscript",
                            "lineno": 106,
                            "col_offset": 4,
                            "value": {
                              "type": "Name",
                              "lineno": 106,
                              "col_offset": 4,
                              "id": "frame"
                            },
                            "slice": {
                              "type": "Constant",
                              "lineno": 106,
                              "col_offset": 10,
                              "value": "x",
                              "kind": null
                            }
                          },
                          {
                            "type": "Subscript",
                            "lineno": 107,
                            "col_offset": 4,
                            "value": {
                              "type": "Name",
                              "lineno": 107,
                              "col_offset": 4,
                              "id": "frame"
                            },
                            "slice": {
                              "type": "Constant",
                              "lineno": 107,
                              "col_offset": 10,
                              "value": "y",
                              "kind": null
                            }
                          },
                          {
                            "type": "BinOp",
                            "lineno": 108,
                            "col_offset": 4,
                            "left": {
                              "type": "Subscript",
                              "lineno": 108,
                              "col_offset": 4,
                              "value": {
                                "type": "Name",
                                "lineno": 108,
                                "col_offset": 4,
                                "id": "frame"
                              },
                              "slice": {
                                "type": "Constant",
                                "lineno": 108,
                                "col_offset": 10,
                                "value": "x",
                                "kind": null
                              }
                            },
                            "op": {
                              "type": "Add"
                            },
                            "right": {
                              "type": "Subscript",
                              "lineno": 108,
                              "col_offset": 17,
                              "value": {
                                "type": "Name",
                                "lineno": 108,
                                "col_offset": 17,
                                "id": "frame"
                              },
                              "slice": {
                                "type": "Constant",
                                "lineno": 108,
                                "col_offset": 23,
                                "value": "w",
                                "kind": null
                              }
                            }
                          },
                          {
                            "type": "BinOp",
                            "lineno": 109,
                            "col_offset": 4,
                            "left": {
                              "type": "Subscript",
                              "lineno": 109,
                              "col_offset": 4,
                              "value": {
                                "type": "Name",
                                "lineno": 109,
                                "col_offset": 4,
                                "id": "frame"
                              },
                              "slice": {
                                "type": "Constant",
                                "lineno": 109,
                                "col_offset": 10,
                                "value": "y",
                                "kind": null
                              }
                            },
                            "op": {
                              "type": "Add"
                            },
                            "right": {
                              "type": "Subscript",
                              "lineno": 109,
                              "col_offset": 17,
                              "value": {
                                "type": "Name",
                                "lineno": 109,
                                "col_offset": 17,
                                "id": "frame"
                              },
                              "slice": {
                                "type": "Constant",
                                "lineno": 109,
                                "col_offset": 23,
                                "value": "h",
                                "kind": null
                              }
                            }
                          }
                        ]
                      }
                    ],
                    "keywords": []
                  },
                  "type_comment": null
                }
              ],
              "orelse": []
            },
            {
              "type": "Return",
              "lineno": 112,
              "col_offset": 2,
              "value": {
                "type": "Dict",
                "lineno": 112,
                "col_offset": 9,
                "keys": [
                  {
                    "type": "Constant",
                    "lineno": 113,
                    "col_offset": 3,
                    "value": "files",
                    "kind": null
                  }
                ],
                "values": [
                  {
                    "type": "Dict",
                    "lineno": 113,
                    "col_offset": 12,
                    "keys": [
                      {
                        "type": "Constant",
                        "lineno": 114,
                        "col_offset": 4,
                        "value": "result",
                        "kind": null
                      }
                    ],
                    "values": [
                      {
                        "type": "Call",
                        "lineno": 114,
                        "col_offset": 14,
                        "func": {
                          "type": "Name",
                          "lineno": 114,
                          "col_offset": 14,
                          "id": "image2blob"
                        },
                        "args": [
                          {
                            "type": "Name",
                            "lineno": 114,
                            "col_offset": 25,
                            "id": "result_image"
                          }
                        ],
                        "keywords": []
                      }
                    ]
                  }
                ]
              }
            }
          ],
          "decorator_list": [],
          "returns": null,
          "type_comment": null,
          "type_params": []
        },
        {
          "type": "FunctionDef",
          "lineno": 118,
          "col_offset": 1,
          "name": "dispatch_progress",
          "args": {
            "type": "arguments",
            "posonlyargs": [],
            "args": [
              {
                "type": "arg",
                "lineno": 118,
                "col_offset": 23,
                "arg": "self",
                "annotation": null,
                "type_comment": null
              },
              {
                "type": "arg",
                "lineno": 118,
                "col_offset": 29,
                "arg": "value",
                "annotation": null,
                "type_comment": null
              },
              {
                "type": "arg",
                "lineno": 118,
                "col_offset": 36,
                "arg": "stage",
                "annotation": null,
                "type_comment": null
              }
            ],
            "vararg": null,
            "kwonlyargs": [],
            "kw_defaults": [],
            "kwarg": null,
            "defaults": []
          },
          "body": [
            {
              "type": "Expr",
              "lineno": 119,
              "col_offset": 2,
              "value": {
                "type": "Call",
                "lineno": 119,
                "col_offset": 2,
                "func": {
                  "type": "Name",
                  "lineno": 119,
                  "col_offset": 2,
                  "id": "send_to_master"
                },
                "args": [
                  {
                    "type": "Dict",
                    "lineno": 119,
                    "col_offset": 17,
                    "keys": [
                      {
                        "type": "Constant",
                        "lineno": 120,
                        "col_offset": 3,
                        "value": "event",
                        "kind": null
                      },
                      {
                        "type": "Constant",
                        "lineno": 121,
                        "col_offset": 3,
                        "value": "value",
                        "kind": null
                      },
                      {
                        "type": "Constant",
                        "lineno": 122,
                        "col_offset": 3,
                        "value": "stage",
                        "kind": null
                      }
                    ],
                    "values": [
                      {
                        "type": "Constant",
                        "lineno": 120,
                        "col_offset": 12,
                        "value": "progress",
                        "kind": null
                      },
                      {
                        "type": "Name",
                        "lineno": 121,
                        "col_offset": 12,
                        "id": "value"
                      },
                      {
                        "type": "Name",
                        "lineno": 122,
                        "col_offset": 12,
                        "id": "stage"
                      }
                    ]
                  }
                ],
                "keywords": []
              }
            }
          ],
          "decorator_list": [],
          "returns": null,
          "type_comment": null,
          "type_params": []
        },
        {
          "type": "FunctionDef",
          "lineno": 125,
          "col_offset": 1,
          "name": "unload",
          "args": {
            "type": "arguments",
            "posonlyargs": [],
            "args": [
              {
                "type": "arg",
                "lineno": 125,
                "col_offset": 12,
                "arg": "self",
                "annotation": null,
                "type_comment": null
              }
            ],
            "vararg": null,
            "kwonlyargs": [],
            "kw_defaults": [],
            "kwarg": null,
            "defaults": []
          },
          "body": [
            {
              "type": "Expr",
              "lineno": 126,
              "col_offset": 2,
              "value": {
                "type": "Call",
                "lineno": 126,
                "col_offset": 2,
                "func": {
                  "type": "Name",
                  "lineno": 126,
                  "col_offset": 2,
                  "id": "unload_all_models"
                },
                "args": [],
                "keywords": []
              }
            }
          ],
          "decorator_list": [],
          "returns": null,
          "type_comment": null,
          "type_params": []
        }
      ],
      "decorator_list": [],
      "type_params": []
    }
  ],
  "type_ignores": []
}