{
  "type": "Module",
  "body": [
    {
      "type": "Import",
      "lineno": 1,
      "col_offset": 0,
      "names": [
        {
          "type": "alias",
          "lineno": 1,
          "col_offset": 7,
          "name": "re",
          "asname": null
        }
      ]
    },
    {
      "type": "ImportFrom",
      "lineno": 2,
      "col_offset": 0,
      "module": "torch",
      "names": [
        {
          "type": "alias",
          "lineno": 2,
          "col_offset": 18,
          "name": "inference_mode",
          "asname": null
        },
        {
          "type": "alias",
          "lineno": 2,
          "col_offset": 34,
          "name": "float16",
          "asname": null
        }
      ],
      "level": 0
    },
    {
      "type": "Import",
      "lineno": 3,
      "col_offset": 0,
      "names": [
        {
          "type": "alias",
          "lineno": 3,
          "col_offset": 7,
          "name": "torch",
          "asname": null
        }
      ]
    },
    {
      "type": "ImportFrom",
      "lineno": 4,
      "col_offset": 0,
      "module": "transformers",
      "names": [
        {
          "type": "alias",
          "lineno": 4,
          "col_offset": 25,
          "name": "AutoTokenizer",
          "asname": null
        },
        {
          "type": "alias",
          "lineno": 4,
          "col_offset": 40,
          "name": "AutoModelForCausalLM",
          "asname": null
        }
      ],
      "level": 0
    },
    {
      "type": "ImportFrom",
      "lineno": 5,
      "col_offset": 0,
      "module": "transformers.generation.streamers",
      "names": [
        {
          "type": "alias",
          "lineno": 5,
          "col_offset": 46,
          "name": "TextStreamer",
          "asname": null
        }
      ],
      "level": 0
    },
    {
      "type": "ImportFrom",
      "lineno": 6,
      "col_offset": 0,
      "module": "cloudkit_worker",
      "names": [
        {
          "type": "alias",
          "lineno": 6,
          "col_offset": 28,
          "name": "dispatch_result",
          "asname": null
        }
      ],
      "level": 0
    },
    {
      "type": "ImportFrom",
      "lineno": 7,
      "col_offset": 0,
      "module": "transformers",
      "names": [
        {
          "type": "alias",
          "lineno": 7,
          "col_offset": 25,
          "name": "T5Tokenizer",
          "asname": null
        },
        {
          "type": "alias",
          "lineno": 7,
          "col_offset": 38,
          "name": "T5ForConditionalGeneration",
          "asname": null
        }
      ],
      "level": 0
    },
    {
      "type": "ClassDef",
      "lineno": 11,
      "col_offset": 0,
      "name": "hf_t5",
      "bases": [],
      "keywords": [],
      "body": [
        {
          "type": "FunctionDef",
          "lineno": 12,
          "col_offset": 1,
          "name": "__init__",
          "args": {
            "type": "arguments",
            "posonlyargs": [],
            "args": [
              {
                "type": "arg",
                "lineno": 12,
                "col_offset": 14,
                "arg": "self",
                "annotation": null,
                "type_comment": null
              },
              {
                "type": "arg",
                "lineno": 12,
                "col_offset": 20,
                "arg": "resources",
                "annotation": null,
                "type_comment": null
              },
              {
                "type": "arg",
                "lineno": 12,
                "col_offset": 31,
                "arg": "meta",
                "annotation": null,
                "type_comment": null
              }
            ],
            "vararg": null,
            "kwonlyargs": [],
            "kw_defaults": [],
            "kwarg": null,
            "defaults": [
              {
                "type": "Constant",
                "lineno": 12,
                "col_offset": 36,
                "value": null,
                "kind": null
              }
            ]
          },
          "body": [
            {
              "type": "Assign",
              "lineno": 13,
              "col_offset": 2,
              "targets": [
                {
                  "type": "Attribute",
                  "lineno": 13,
                  "col_offset": 2,
                  "value": {
                    "type": "Name",
                    "lineno": 13,
                    "col_offset": 2,
                    "id": "self"
                  },
                  "attr": "tokenizer"
                }
              ],
              "value": {
                "type": "Call",
                "lineno": 13,
                "col_offset": 19,
                "func": {
                  "type": "Attribute",
                  "lineno": 13,
                  "col_offset": 19,
                  "value": {
                    "type": "Name",
                    "lineno": 13,
                    "col_offset": 19,
                    "id": "T5Tokenizer"
                  },
                  "attr": "from_pretrained"
                },
                "args": [
                  {
                    "type": "Subscript",
                    "lineno": 14,
                    "col_offset": 3,
                    "value": {
                      "type": "Name",
                      "lineno": 14,
                      "col_offset": 3,
                      "id": "resources"
                    },
                    "slice": {
                      "type": "Constant",
                      "lineno": 14,
                      "col_offset": 13,
                      "value": "checkpoint",
                      "kind": null
                    }
                  }
                ],
                "keywords": [
                  {
                    "type": "keyword",
                    "lineno": 15,
                    "col_offset": 3,
                    "arg": "local_files_only",
                    "value": {
                      "type": "Constant",
                      "lineno": 15,
                      "col_offset": 20,
                      "value": true,
                      "kind": null
                    }
                  },
                  {
                    "type": "keyword",
                    "lineno": 16,
                    "col_offset": 3,
                    "arg": "device_map",
                    "value": {
                      "type": "Constant",
                      "lineno": 16,
                      "col_offset": 14,
                      "value": "auto",
                      "kind": null
                    }
                  },
                  {
                    "type": "keyword",
                    "lineno": 17,
                    "col_offset": 3,
                    "arg": "legacy",
                    "value": {
                      "type": "Constant",
                      "lineno": 17,
                      "col_offset": 10,
                      "value": false,
                      "kind": null
                    }
                  }
                ]
              },
              "type_comment": null
            },
            {
              "type": "Assign",
              "lineno": 19,
              "col_offset": 2,
              "targets": [
                {
                  "type": "Attribute",
                  "lineno": 19,
                  "col_offset": 2,
                  "value": {
                    "type": "Name",
                    "lineno": 19,
                    "col_offset": 2,
                    "id": "self"
                  },
                  "attr": "model"
                }
              ],
              "value": {
                "type": "Call",
                "lineno": 19,
                "col_offset": 15,
                "func": {
                  "type": "Attribute",
                  "lineno": 19,
                  "col_offset": 15,
                  "value": {
                    "type": "Call",
                    "lineno": 19,
                    "col_offset": 15,
                    "func": {
                      "type": "Attribute",
                      "lineno": 19,
                      "col_offset": 15,
                      "value": {
                        "type": "Name",
                        "lineno": 19,
                        "col_offset": 15,
                        "id": "T5ForConditionalGeneration"
                      },
                      "attr": "from_pretrained"
                    },
                    "args": [
                      {
                        "type": "Subscript",
                        "lineno": 20,
                        "col_offset": 3,
                        "value": {
                          "type": "Name",
                          "lineno": 20,
                          "col_offset": 3,
                          "id": "resources"
                        },
                        "slice": {
                          "type": "Constant",
                          "lineno": 20,
                          "col_offset": 13,
                          "value": "checkpoint",
                          "kind": null
                        }
                      }
                    ],
                    "keywords": [
                      {
                        "type": "keyword",
                        "lineno": 21,
                        "col_offset": 3,
                        "arg": "local_files_only",
                        "value": {
                          "type": "Constant",
                          "lineno": 21,
                          "col_offset": 20,
                          "value": true,
                          "kind": null
                        }
                      },
                      {
                        "type": "keyword",
                        "lineno": 22,
                        "col_offset": 3,
                        "arg": "low_cpu_mem_usage",
                        "value": {
                          "type": "Constant",
                          "lineno": 22,
                          "col_offset": 21,
                          "value": true,
                          "kind": null
                        }
                      },
                      {
                        "type": "keyword",
                        "lineno": 23,
                        "col_offset": 3,
                        "arg": "device_map",
                        "value": {
                          "type": "Constant",
                          "lineno": 23,
                          "col_offset": 14,
                          "value": "auto",
                          "kind": null
                        }
                      },
                      {
                        "type": "keyword",
                        "lineno": 24,
                        "col_offset": 3,
                        "arg": "torch_dtype",
                        "value": {
                          "type": "Name",
                          "lineno": 24,
                          "col_offset": 15,
                          "id": "float16"
                        }
                      }
                    ]
                  },
                  "attr": "eval"
                },
                "args": [],
                "keywords": []
              },
              "type_comment": null
            }
          ],
          "decorator_list": [],
          "returns": null,
          "type_comment": null,
          "type_params": []
        },
        {
          "type": "FunctionDef",
          "lineno": 27,
          "col_offset": 1,
          "name": "__call__",
          "args": {
            "type": "arguments",
            "posonlyargs": [],
            "args": [
              {
                "type": "arg",
                "lineno": 27,
                "col_offset": 14,
                "arg": "self",
                "annotation": null,
                "type_comment": null
              },
              {
                "type": "arg",
                "lineno": 27,
                "col_offset": 20,
                "arg": "method",
                "annotation": null,
                "type_comment": null
              }
            ],
            "vararg": null,
            "kwonlyargs": [],
            "kw_defaults": [],
            "kwarg": {
              "type": "arg",
              "lineno": 27,
              "col_offset": 30,
              "arg": "kwargs",
              "annotation": null,
              "type_comment": null
            },
            "defaults": []
          },
          "body": [
            {
              "type": "If",
              "lineno": 28,
              "col_offset": 2,
              "test": {
                "type": "Compare",
                "lineno": 28,
                "col_offset": 5,
                "left": {
                  "type": "Name",
                  "lineno": 28,
                  "col_offset": 5,
                  "id": "method"
                },
                "ops": [
                  {
                    "type": "Eq"
                  }
                ],
                "comparators": [
                  {
                    "type": "Constant",
                    "lineno": 28,
                    "col_offset": 15,
                    "value": "instruct_t5",
                    "kind": null
                  }
                ]
              },
              "body": [
                {
                  "type": "Return",
                  "lineno": 29,
                  "col_offset": 3,
                  "value": {
                    "type": "Call",
                    "lineno": 29,
                    "col_offset": 10,
                    "func": {
                      "type": "Attribute",
                      "lineno": 29,
                      "col_offset": 10,
                      "value": {
                        "type": "Name",
                        "lineno": 29,
                        "col_offset": 10,
                        "id": "self"
                      },
                      "attr": "instruct_t5"
                    },
                    "args": [],
                    "keywords": [
                      {
                        "type": "keyword",
                        "lineno": 29,
                        "col_offset": 27,
                        "arg": null,
                        "value": {
                          "type": "Name",
                          "lineno": 29,
                          "col_offset": 29,
                          "id": "kwargs"
                        }
                      }
                    ]
                  }
                }
              ],
              "orelse": [
                {
                  "type": "If",
                  "lineno": 30,
                  "col_offset": 2,
                  "test": {
                    "type": "Compare",
                    "lineno": 30,
                    "col_offset": 7,
                    "left": {
                      "type": "Name",
                      "lineno": 30,
                      "col_offset": 7,
                      "id": "method"
                    },
                    "ops": [
                      {
                        "type": "Eq"
                      }
                    ],
                    "comparators": [
                      {
                        "type": "Constant",
                        "lineno": 30,
                        "col_offset": 17,
                        "value": "unmask_t5",
                        "kind": null
                      }
                    ]
                  },
                  "body": [
                    {
                      "type": "Return",
                      "lineno": 31,
                      "col_offset": 3,
                      "value": {
                        "type": "Call",
                        "lineno": 31,
                        "col_offset": 10,
                        "func": {
                          "type": "Attribute",
                          "lineno": 31,
                          "col_offset": 10,
                          "value": {
                            "type": "Name",
                            "lineno": 31,
                            "col_offset": 10,
                            "id": "self"
                          },
                          "attr": "unmask_t5"
                        },
                        "args": [],
                        "keywords": [
                          {
                            "type": "keyword",
                            "lineno": 31,
                            "col_offset": 25,
                            "arg": null,
                            "value": {
                              "type": "Name",
                              "lineno": 31,
                              "col_offset": 27,
                              "id": "kwargs"
                            }
                          }
                        ]
                      }
                    }
                  ],
                  "orelse": [
                    {
                      "type": "Raise",
                      "lineno": 33,
                      "col_offset": 3,
                      "exc": {
                        "type": "Call",
                        "lineno": 33,
                        "col_offset": 9,
                        "func": {
                          "type": "Name",
                          "lineno": 33,
                          "col_offset": 9,
                          "id": "Exception"
                        },
                        "args": [
                          {
                            "type": "BinOp",
                            "lineno": 33,
                            "col_offset": 19,
                            "left": {
                              "type": "Constant",
                              "lineno": 33,
                              "col_offset": 19,
                              "value": "unknown method: %s",
                              "kind": null
                            },
                            "op": {
                              "type": "Mod"
                            },
                            "right": {
                              "type": "Name",
                              "lineno": 33,
                              "col_offset": 42,
                              "id": "method"
                            }
                          }
                        ],
                        "keywords": []
                      },
                      "cause": null
                    }
                  ]
                }
              ]
            }
          ],
          "decorator_list": [],
          "returns": null,
          "type_comment": null,
          "type_params": []
        },
        {
          "type": "FunctionDef",
          "lineno": 35,
          "col_offset": 1,
          "name": "instruct_t5",
          "args": {
            "type": "arguments",
            "posonlyargs": [],
            "args": [
              {
                "type": "arg",
                "lineno": 35,
                "col_offset": 17,
                "arg": "self",
                "annotation": null,
                "type_comment": null
              },
              {
                "type": "arg",
                "lineno": 35,
                "col_offset": 23,
                "arg": "instruction",
                "annotation": null,
                "type_comment": null
              },
              {
                "type": "arg",
                "lineno": 35,
                "col_offset": 36,
                "arg": "input",
                "annotation": null,
                "type_comment": null
              },
              {
                "type": "arg",
                "lineno": 35,
                "col_offset": 43,
                "arg": "max_tokens",
                "annotation": null,
                "type_comment": null
              }
            ],
            "vararg": null,
            "kwonlyargs": [],
            "kw_defaults": [],
            "kwarg": {
              "type": "arg",
              "lineno": 35,
              "col_offset": 58,
              "arg": "kwargs",
              "annotation": null,
              "type_comment": null
            },
            "defaults": []
          },
          "body": [
            {
              "type": "Assign",
              "lineno": 37,
              "col_offset": 2,
              "targets": [
                {
                  "type": "Name",
                  "lineno": 37,
                  "col_offset": 2,
                  "id": "input_ids"
                }
              ],
              "value": {
                "type": "Call",
                "lineno": 37,
                "col_offset": 14,
                "func": {
                  "type": "Attribute",
                  "lineno": 37,
                  "col_offset": 14,
                  "value": {
                    "type": "Attribute",
                    "lineno": 37,
                    "col_offset": 14,
                    "value": {
                      "type": "Call",
                      "lineno": 37,
                      "col_offset": 14,
                      "func": {
                        "type": "Attribute",
                        "lineno": 37,
                        "col_offset": 14,
                        "value": {
                          "type": "Name",
                          "lineno": 37,
                          "col_offset": 14,
                          "id": "self"
                        },
                        "attr": "tokenizer"
                      },
                      "args": [
                        {
                          "type": "BinOp",
                          "lineno": 37,
                          "col_offset": 29,
                          "left": {
                            "type": "Name",
                            "lineno": 37,
                            "col_offset": 29,
                            "id": "instruction"
                          },
                          "op": {
                            "type": "Add"
                          },
                          "right": {
                            "type": "Name",
                            "lineno": 37,
                            "col_offset": 43,
                            "id": "input"
                          }
                        }
                      ],
                      "keywords": [
                        {
                          "type": "keyword",
                          "lineno": 37,
                          "col_offset": 51,
                          "arg": "return_tensors",
                          "value": {
                            "type": "Constant",
                            "lineno": 37,
                            "col_offset": 66,
                            "value": "pt",
                            "kind": null
                          }
                        }
                      ]
                    },
                    "attr": "input_ids"
                  },
                  "attr": "to"
                },
                "args": [
                  {
                    "type": "Attribute",
                    "lineno": 37,
                    "col_offset": 85,
                    "value": {
                      "type": "Attribute",
                      "lineno": 37,
                      "col_offset": 85,
                      "value": {
                        "type": "Name",
                        "lineno": 37,
                        "col_offset": 85,
                        "id": "self"
                      },
                      "attr": "model"
                    },
                    "attr": "device"
                  }
                ],
                "keywords": []
              },
              "type_comment": null
            },
            {
              "type": "Assign",
              "lineno": 38,
              "col_offset": 2,
              "targets": [
                {
                  "type": "Name",
                  "lineno": 38,
                  "col_offset": 2,
                  "id": "outputs"
                }
              ],
              "value": {
                "type": "Call",
                "lineno": 38,
                "col_offset": 12,
                "func": {
                  "type": "Attribute",
                  "lineno": 38,
                  "col_offset": 12,
                  "value": {
                    "type": "Attribute",
                    "lineno": 38,
                    "col_offset": 12,
                    "value": {
                      "type": "Name",
                      "lineno": 38,
                      "col_offset": 12,
                      "id": "self"
                    },
                    "attr": "model"
                  },
                  "attr": "generate"
                },
                "args": [
                  {
                    "type": "Name",
                    "lineno": 38,
                    "col_offset": 32,
                    "id": "input_ids"
                  }
                ],
                "keywords": [
                  {
                    "type": "keyword",
                    "lineno": 38,
                    "col_offset": 43,
                    "arg": "max_length",
                    "value": {
                      "type": "Name",
                      "lineno": 38,
                      "col_offset": 54,
                      "id": "max_tokens"
                    }
                  }
                ]
              },
              "type_comment": null
            },
            {
              "type": "Return",
              "lineno": 41,
              "col_offset": 2,
              "value": {
                "type": "Dict",
                "lineno": 41,
                "col_offset": 9,
                "keys": [
                  {
                    "type": "Constant",
                    "lineno": 42,
                    "col_offset": 12,
                    "value": "text",
                    "kind": null
                  },
                  {
                    "type": "Constant",
                    "lineno": 43,
                    "col_offset": 12,
                    "value": "done",
                    "kind": null
                  }
                ],
                "values": [
                  {
                    "type": "Call",
                    "lineno": 42,
                    "col_offset": 20,
                    "func": {
                      "type": "Attribute",
                      "lineno": 42,
                      "col_offset": 20,
                      "value": {
                        "type": "Attribute",
                        "lineno": 42,
                        "col_offset": 20,
                        "value": {
                          "type": "Name",
                          "lineno": 42,
                          "col_offset": 20,
                          "id": "self"
                        },
                        "attr": "tokenizer"
                      },
                      "attr": "decode"
                    },
                    "args": [
                      {
                        "type": "Subscript",
                        "lineno": 42,
                        "col_offset": 42,
                        "value": {
                          "type": "Name",
                          "lineno": 42,
                          "col_offset": 42,
                          "id": "outputs"
                        },
                        "slice": {
                          "type": "Constant",
                          "lineno": 42,
                          "col_offset": 50,
                          "value": 0,
                          "kind": null
                        }
                      }
                    ],
                    "keywords": [
                      {
                        "type": "keyword",
                        "lineno": 42,
                        "col_offset": 54,
                        "arg": "skip_special_tokens",
                        "value": {
                          "type": "Constant",
                          "lineno": 42,
                          "col_offset": 74,
                          "value": true,
                          "kind": null
                        }
                      }
                    ]
                  },
                  {
                    "type": "Constant",
                    "lineno": 43,
                    "col_offset": 20,
                    "value": true,
                    "kind": null
                  }
                ]
              }
            }
          ],
          "decorator_list": [],
          "returns": null,
          "type_comment": null,
          "type_params": []
        },
        {
          "type": "FunctionDef",
          "lineno": 46,
          "col_offset": 1,
          "name": "unmask_t5",
          "args": {
            "type": "arguments",
            "posonlyargs": [],
            "args": [
              {
                "type": "arg",
                "lineno": 46,
                "col_offset": 15,
                "arg": "self",
                "annotation": null,
                "type_comment": null
              },
              {
                "type": "arg",
                "lineno": 46,
                "col_offset": 21,
                "arg": "masked_words",
                "annotation": null,
                "type_comment": null
              },
              {
                "type": "arg",
                "lineno": 46,
                "col_offset": 35,
                "arg": "input",
                "annotation": null,
                "type_comment": null
              },
              {
                "type": "arg",
                "lineno": 46,
                "col_offset": 42,
                "arg": "max_tokens",
                "annotation": null,
                "type_comment": null
              }
            ],
            "vararg": null,
            "kwonlyargs": [],
            "kw_defaults": [],
            "kwarg": {
              "type": "arg",
              "lineno": 46,
              "col_offset": 56,
              "arg": "kwargs",
              "annotation": null,
              "type_comment": null
            },
            "defaults": []
          },
          "body": [
            {
              "type": "If",
              "lineno": 47,
              "col_offset": 2,
              "test": {
                "type": "Compare",
                "lineno": 47,
                "col_offset": 5,
                "left": {
                  "type": "Name",
                  "lineno": 47,
                  "col_offset": 5,
                  "id": "masked_words"
                },
                "ops": [
                  {
                    "type": "Is"
                  }
                ],
                "comparators": [
                  {
                    "type": "Constant",
                    "lineno": 47,
                    "col_offset": 21,
                    "value": null,
                    "kind": null
                  }
                ]
              },
              "body": [
                {
                  "type": "Assign",
                  "lineno": 48,
                  "col_offset": 3,
                  "targets": [
                    {
                      "type": "Name",
                      "lineno": 48,
                      "col_offset": 3,
                      "id": "masked_words"
                    }
                  ],
                  "value": {
                    "type": "List",
                    "lineno": 48,
                    "col_offset": 18,
                    "elts": []
                  },
                  "type_comment": null
                }
              ],
              "orelse": []
            },
            {
              "type": "If",
              "lineno": 49,
              "col_offset": 2,
              "test": {
                "type": "Call",
                "lineno": 49,
                "col_offset": 5,
                "func": {
                  "type": "Name",
                  "lineno": 49,
                  "col_offset": 5,
                  "id": "isinstance"
                },
                "args": [
                  {
                    "type": "Name",
                    "lineno": 49,
                    "col_offset": 16,
                    "id": "masked_words"
                  },
                  {
                    "type": "Name",
                    "lineno": 49,
                    "col_offset": 30,
                    "id": "str"
                  }
                ],
                "keywords": []
              },
              "body": [
                {
                  "type": "Assign",
                  "lineno": 50,
                  "col_offset": 3,
                  "targets": [
                    {
                      "type": "Name",
                      "lineno": 50,
                      "col_offset": 3,
                      "id": "masked_words"
                    }
                  ],
                  "value": {
                    "type": "List",
                    "lineno": 50,
                    "col_offset": 18,
                    "elts": [
                      {
                        "type": "Name",
                        "lineno": 50,
                        "col_offset": 19,
                        "id": "masked_words"
                      }
                    ]
                  },
                  "type_comment": null
                }
              ],
              "orelse": []
            },
            {
              "type": "If",
              "lineno": 51,
              "col_offset": 2,
              "test": {
                "type": "UnaryOp",
                "lineno": 51,
                "col_offset": 5,
                "op": {
                  "type": "Not"
                },
                "operand": {
                  "type": "Call",
                  "lineno": 51,
                  "col_offset": 9,
                  "func": {
                    "type": "Name",
                    "lineno": 51,
                    "col_offset": 9,
                    "id": "isinstance"
                  },
                  "args": [
                    {
                      "type": "Name",
                      "lineno": 51,
                      "col_offset": 20,
                      "id": "masked_words"
                    },
                    {
                      "type": "Name",
                      "lineno": 51,
                      "col_offset": 34,
                      "id": "list"
                    }
                  ],
                  "keywords": []
                }
              },
              "body": [
                {
                  "type": "Raise",
                  "lineno": 52,
                  "col_offset": 3,
                  "exc": {
                    "type": "Call",
                    "lineno": 52,
                    "col_offset": 9,
                    "func": {
                      "type": "Name",
                      "lineno": 52,
                      "col_offset": 9,
                      "id": "Exception"
                    },
                    "args": [
                      {
                        "type": "Constant",
                        "lineno": 52,
                        "col_offset": 19,
                        "value": "masked_words must be a list of strings",
                        "kind": null
                      }
                    ],
                    "keywords": []
                  },
                  "cause": null
                }
              ],
              "orelse": [
                {
                  "type": "Assign",
                  "lineno": 54,
                  "col_offset": 3,
                  "targets": [
                    {
                      "type": "Name",
                      "lineno": 54,
                      "col_offset": 3,
                      "id": "masked_words_len"
                    }
                  ],
                  "value": {
                    "type": "Call",
                    "lineno": 54,
                    "col_offset": 22,
                    "func": {
                      "type": "Name",
                      "lineno": 54,
                      "col_offset": 22,
                      "id": "len"
                    },
                    "args": [
                      {
                        "type": "Name",
                        "lineno": 54,
                        "col_offset": 26,
                        "id": "masked_words"
                      }
                    ],
                    "keywords": []
                  },
                  "type_comment": null
                },
                {
                  "type": "For",
                  "lineno": 55,
                  "col_offset": 3,
                  "target": {
                    "type": "Name",
                    "lineno": 55,
                    "col_offset": 7,
                    "id": "i"
                  },
                  "iter": {
                    "type": "Call",
                    "lineno": 55,
                    "col_offset": 12,
                    "func": {
                      "type": "Name",
                      "lineno": 55,
                      "col_offset": 12,
                      "id": "range"
                    },
                    "args": [
                      {
                        "type": "Name",
                        "lineno": 55,
                        "col_offset": 18,
                        "id": "masked_words_len"
                      }
                    ],
                    "keywords": []
                  },
                  "body": [
                    {
                      "type": "Assign",
                      "lineno": 56,
                      "col_offset": 4,
                      "targets": [
                        {
                          "type": "Name",
                          "lineno": 56,
                          "col_offset": 4,
                          "id": "input"
                        }
                      ],
                      "value": {
                        "type": "Call",
                        "lineno": 56,
                        "col_offset": 12,
                        "func": {
                          "type": "Attribute",
                          "lineno": 56,
                          "col_offset": 12,
                          "value": {
                            "type": "Name",
                            "lineno": 56,
                            "col_offset": 12,
                            "id": "input"
                          },
                          "attr": "replace"
                        },
                        "args": [
                          {
                            "type": "Subscript",
                            "lineno": 56,
                            "col_offset": 26,
                            "value": {
                              "type": "Name",
                              "lineno": 56,
                              "col_offset": 26,
                              "id": "masked_words"
                            },
                            "slice": {
                              "type": "Name",
                              "lineno": 56,
                              "col_offset": 39,
                              "id": "i"
                            }
                          },
                          {
                            "type": "BinOp",
                            "lineno": 56,
                            "col_offset": 43,
                            "left": {
                              "type": "BinOp",
                              "lineno": 56,
                              "col_offset": 43,
                              "left": {
                                "type": "Constant",
                                "lineno": 56,
                                "col_offset": 43,
                                "value": "<extra_id_",
                                "kind": null
                              },
                              "op": {
                                "type": "Add"
                              },
                              "right": {
                                "type": "Call",
                                "lineno": 56,
                                "col_offset": 56,
                                "func": {
                                  "type": "Name",
                                  "lineno": 56,
                                  "col_offset": 56,
                                  "id": "str"
                                },
                                "args": [
                                  {
                                    "type": "Name",
                                    "lineno": 56,
                                    "col_offset": 60,
                                    "id": "i"
                                  }
                                ],
                                "keywords": []
                              }
                            },
                            "op": {
                              "type": "Add"
                            },
                            "right": {
                              "type": "Constant",
                              "lineno": 56,
                              "col_offset": 63,
                              "value": ">",
                              "kind": null
                            }
                          }
                        ],
                        "keywords": []
                      },
                      "type_comment": null
                    }
                  ],
                  "orelse": [],
                  "type_comment": null
                },
                {
                  "type": "Pass",
                  "lineno": 57,
                  "col_offset": 3
                }
              ]
            },
            {
              "type": "Assign",
              "lineno": 59,
              "col_offset": 2,
              "targets": [
                {
                  "type": "Name",
                  "lineno": 59,
                  "col_offset": 2,
                  "id": "input_ids"
                }
              ],
              "value": {
                "type": "Call",
                "lineno": 59,
                "col_offset": 14,
                "func": {
                  "type": "Attribute",
                  "lineno": 59,
                  "col_offset": 14,
                  "value": {
                    "type": "Attribute",
                    "lineno": 59,
                    "col_offset": 14,
                    "value": {
                      "type": "Call",
                      "lineno": 59,
                      "col_offset": 14,
                      "func": {
                        "type": "Attribute",
                        "lineno": 59,
                        "col_offset": 14,
                        "value": {
                          "type": "Name",
                          "lineno": 59,
                          "col_offset": 14,
                          "id": "self"
                        },
                        "attr": "tokenizer"
                      },
                      "args": [
                        {
                          "type": "Name",
                          "lineno": 59,
                          "col_offset": 29,
                          "id": "input"
                        }
                      ],
                      "keywords": [
                        {
                          "type": "keyword",
                          "lineno": 59,
                          "col_offset": 36,
                          "arg": "return_tensors",
                          "value": {
                            "type": "Constant",
                            "lineno": 59,
                            "col_offset": 51,
                            "value": "pt",
                            "kind": null
                          }
                        }
                      ]
                    },
                    "attr": "input_ids"
                  },
                  "attr": "to"
                },
                "args": [
                  {
                    "type": "Attribute",
                    "lineno": 59,
                    "col_offset": 70,
                    "value": {
                      "type": "Attribute",
                      "lineno": 59,
                      "col_offset": 70,
                      "value": {
                        "type": "Name",
                        "lineno": 59,
                        "col_offset": 70,
                        "id": "self"
                      },
                      "attr": "model"
                    },
                    "attr": "device"
                  }
                ],
                "keywords": []
              },
              "type_comment": null
            },
            {
              "type": "Assign",
              "lineno": 60,
              "col_offset": 2,
              "targets": [
                {
                  "type": "Name",
                  "lineno": 60,
                  "col_offset": 2,
                  "id": "sequence_ids"
                }
              ],
              "value": {
                "type": "Call",
                "lineno": 60,
                "col_offset": 17,
                "func": {
                  "type": "Attribute",
                  "lineno": 60,
                  "col_offset": 17,
                  "value": {
                    "type": "Attribute",
                    "lineno": 60,
                    "col_offset": 17,
                    "value": {
                      "type": "Name",
                      "lineno": 60,
                      "col_offset": 17,
                      "id": "self"
                    },
                    "attr": "model"
                  },
                  "attr": "generate"
                },
                "args": [
                  {
                    "type": "Name",
                    "lineno": 60,
                    "col_offset": 37,
                    "id": "input_ids"
                  }
                ],
                "keywords": [
                  {
                    "type": "keyword",
                    "lineno": 60,
                    "col_offset": 48,
                    "arg": "max_length",
                    "value": {
                      "type": "Name",
                      "lineno": 60,
                      "col_offset": 59,
                      "id": "max_tokens"
                    }
                  }
                ]
              },
              "type_comment": null
            },
            {
              "type": "Assign",
              "lineno": 61,
              "col_offset": 2,
              "targets": [
                {
                  "type": "Name",
                  "lineno": 61,
                  "col_offset": 2,
                  "id": "sequence"
                }
              ],
              "value": {
                "type": "Call",
                "lineno": 61,
                "col_offset": 13,
                "func": {
                  "type": "Attribute",
                  "lineno": 61,
                  "col_offset": 13,
                  "value": {
                    "type": "Attribute",
                    "lineno": 61,
                    "col_offset": 13,
                    "value": {
                      "type": "Name",
                      "lineno": 61,
                      "col_offset": 13,
                      "id": "self"
                    },
                    "attr": "tokenizer"
                  },
                  "attr": "decode"
                },
                "args": [
                  {
                    "type": "Subscript",
                    "lineno": 61,
                    "col_offset": 35,
                    "value": {
                      "type": "Name",
                      "lineno": 61,
                      "col_offset": 35,
                      "id": "sequence_ids"
                    },
                    "slice": {
                      "type": "Constant",
                      "lineno": 61,
                      "col_offset": 48,
                      "value": 0,
                      "kind": null
                    }
                  }
                ],
                "keywords": []
              },
              "type_comment": null
            },
            {
              "type": "Expr",
              "lineno": 62,
              "col_offset": 2,
              "value": {
                "type": "Call",
                "lineno": 62,
                "col_offset": 2,
                "func": {
                  "type": "Name",
                  "lineno": 62,
                  "col_offset": 2,
                  "id": "print"
                },
                "args": [
                  {
                    "type": "Name",
                    "lineno": 62,
                    "col_offset": 8,
                    "id": "sequence"
                  }
                ],
                "keywords": []
              }
            },
            {
              "type": "Assign",
              "lineno": 63,
              "col_offset": 2,
              "targets": [
                {
                  "type": "Name",
                  "lineno": 63,
                  "col_offset": 2,
                  "id": "sequences"
                }
              ],
              "value": {
                "type": "List",
                "lineno": 63,
                "col_offset": 14,
                "elts": []
              },
              "type_comment": null
            },
            {
              "type": "For",
              "lineno": 64,
              "col_offset": 2,
              "target": {
                "type": "Name",
                "lineno": 64,
                "col_offset": 6,
                "id": "i"
              },
              "iter": {
                "type": "Call",
                "lineno": 64,
                "col_offset": 11,
                "func": {
                  "type": "Name",
                  "lineno": 64,
                  "col_offset": 11,
                  "id": "range"
                },
                "args": [
                  {
                    "type": "Call",
                    "lineno": 64,
                    "col_offset": 17,
                    "func": {
                      "type": "Name",
                      "lineno": 64,
                      "col_offset": 17,
                      "id": "len"
                    },
                    "args": [
                      {
                        "type": "Name",
                        "lineno": 64,
                        "col_offset": 21,
                        "id": "sequence_ids"
                      }
                    ],
                    "keywords": []
                  }
                ],
                "keywords": []
              },
              "body": [
                {
                  "type": "Expr",
                  "lineno": 65,
                  "col_offset": 3,
                  "value": {
                    "type": "Call",
                    "lineno": 65,
                    "col_offset": 3,
                    "func": {
                      "type": "Attribute",
                      "lineno": 65,
                      "col_offset": 3,
                      "value": {
                        "type": "Name",
                        "lineno": 65,
                        "col_offset": 3,
                        "id": "sequences"
                      },
                      "attr": "append"
                    },
                    "args": [
                      {
                        "type": "Call",
                        "lineno": 65,
                        "col_offset": 20,
                        "func": {
                          "type": "Attribute",
                          "lineno": 65,
                          "col_offset": 20,
                          "value": {
                            "type": "Attribute",
                            "lineno": 65,
                            "col_offset": 20,
                            "value": {
                              "type": "Name",
                              "lineno": 65,
                              "col_offset": 20,
                              "id": "self"
                            },
                            "attr": "tokenizer"
                          },
                          "attr": "decode"
                        },
                        "args": [
                          {
                            "type": "Subscript",
                            "lineno": 65,
                            "col_offset": 42,
                            "value": {
                              "type": "Name",
                              "lineno": 65,
                              "col_offset": 42,
                              "id": "sequence_ids"
                            },
                            "slice": {
                              "type": "Name",
                              "lineno": 65,
                              "col_offset": 55,
                              "id": "i"
                            }
                          }
                        ],
                        "keywords": []
                      }
                    ],
                    "keywords": []
                  }
                }
              ],
              "orelse": [],
              "type_comment": null
            },
            {
              "type": "Expr",
              "lineno": 66,
              "col_offset": 2,
              "value": {
                "type": "Call",
                "lineno": 66,
                "col_offset": 2,
                "func": {
                  "type": "Name",
                  "lineno": 66,
                  "col_offset": 2,
                  "id": "print"
                },
                "args": [
                  {
                    "type": "Name",
                    "lineno": 66,
                    "col_offset": 8,
                    "id": "sequences"
                  }
                ],
                "keywords": []
              }
            },
            {
              "type": "Return",
              "lineno": 67,
              "col_offset": 2,
              "value": {
                "type": "Dict",
                "lineno": 67,
                "col_offset": 9,
                "keys": [
                  {
                    "type": "Constant",
                    "lineno": 68,
                    "col_offset": 12,
                    "value": "text",
                    "kind": null
                  },
                  {
                    "type": "Constant",
                    "lineno": 69,
                    "col_offset": 12,
                    "value": "done",
                    "kind": null
                  }
                ],
                "values": [
                  {
                    "type": "Name",
                    "lineno": 68,
                    "col_offset": 20,
                    "id": "sequences"
                  },
                  {
                    "type": "Constant",
                    "lineno": 69,
                    "col_offset": 20,
                    "value": true,
                    "kind": null
                  }
                ]
              }
            }
          ],
          "decorator_list": [],
          "returns": null,
          "type_comment": null,
          "type_params": []
        }
      ],
      "decorator_list": [],
      "type_params": []
    }
  ],
  "type_ignores": []
}