{
  "type": "Module",
  "body": [
    {
      "type": "Import",
      "lineno": 1,
      "col_offset": 0,
      "names": [
        {
          "type": "alias",
          "lineno": 1,
          "col_offset": 7,
          "name": "os",
          "asname": null
        }
      ]
    },
    {
      "type": "Import",
      "lineno": 2,
      "col_offset": 0,
      "names": [
        {
          "type": "alias",
          "lineno": 2,
          "col_offset": 7,
          "name": "inspect",
          "asname": null
        }
      ]
    },
    {
      "type": "Import",
      "lineno": 3,
      "col_offset": 0,
      "names": [
        {
          "type": "alias",
          "lineno": 3,
          "col_offset": 7,
          "name": "transformers",
          "asname": null
        }
      ]
    },
    {
      "type": "Assign",
      "lineno": 5,
      "col_offset": 0,
      "targets": [
        {
          "type": "Name",
          "lineno": 5,
          "col_offset": 0,
          "id": "input_file"
        }
      ],
      "value": {
        "type": "Constant",
        "lineno": 5,
        "col_offset": 13,
        "value": "ipfs_huggingface.py",
        "kind": null
      },
      "type_comment": null
    },
    {
      "type": "Assign",
      "lineno": 6,
      "col_offset": 0,
      "targets": [
        {
          "type": "Name",
          "lineno": 6,
          "col_offset": 0,
          "id": "output_file"
        }
      ],
      "value": {
        "type": "Constant",
        "lineno": 6,
        "col_offset": 14,
        "value": "ipfs_huggingface_new.py",
        "kind": null
      },
      "type_comment": null
    },
    {
      "type": "Assign",
      "lineno": 8,
      "col_offset": 0,
      "targets": [
        {
          "type": "Name",
          "lineno": 8,
          "col_offset": 0,
          "id": "classes"
        }
      ],
      "value": {
        "type": "List",
        "lineno": 8,
        "col_offset": 10,
        "elts": []
      },
      "type_comment": null
    },
    {
      "type": "For",
      "lineno": 11,
      "col_offset": 0,
      "target": {
        "type": "Tuple",
        "lineno": 11,
        "col_offset": 4,
        "elts": [
          {
            "type": "Name",
            "lineno": 11,
            "col_offset": 4,
            "id": "name"
          },
          {
            "type": "Name",
            "lineno": 11,
            "col_offset": 10,
            "id": "obj"
          }
        ]
      },
      "iter": {
        "type": "Call",
        "lineno": 11,
        "col_offset": 17,
        "func": {
          "type": "Attribute",
          "lineno": 11,
          "col_offset": 17,
          "value": {
            "type": "Name",
            "lineno": 11,
            "col_offset": 17,
            "id": "inspect"
          },
          "attr": "getmembers"
        },
        "args": [
          {
            "type": "Name",
            "lineno": 11,
            "col_offset": 36,
            "id": "transformers"
          }
        ],
        "keywords": []
      },
      "body": [
        {
          "type": "If",
          "lineno": 12,
          "col_offset": 1,
          "test": {
            "type": "Call",
            "lineno": 12,
            "col_offset": 4,
            "func": {
              "type": "Attribute",
              "lineno": 12,
              "col_offset": 4,
              "value": {
                "type": "Name",
                "lineno": 12,
                "col_offset": 4,
                "id": "inspect"
              },
              "attr": "isclass"
            },
            "args": [
              {
                "type": "Name",
                "lineno": 12,
                "col_offset": 20,
                "id": "obj"
              }
            ],
            "keywords": []
          },
          "body": [
            {
              "type": "Try",
              "lineno": 13,
              "col_offset": 2,
              "body": [
                {
                  "type": "If",
                  "lineno": 14,
                  "col_offset": 3,
                  "test": {
                    "type": "BoolOp",
                    "lineno": 14,
                    "col_offset": 6,
                    "op": {
                      "type": "And"
                    },
                    "values": [
                      {
                        "type": "Call",
                        "lineno": 14,
                        "col_offset": 6,
                        "func": {
                          "type": "Name",
                          "lineno": 14,
                          "col_offset": 6,
                          "id": "hasattr"
                        },
                        "args": [
                          {
                            "type": "Name",
                            "lineno": 14,
                            "col_offset": 14,
                            "id": "obj"
                          },
                          {
                            "type": "Constant",
                            "lineno": 14,
                            "col_offset": 19,
                            "value": "from_pretrained",
                            "kind": null
                          }
                        ],
                        "keywords": []
                      },
                      {
                        "type": "Call",
                        "lineno": 14,
                        "col_offset": 42,
                        "func": {
                          "type": "Name",
                          "lineno": 14,
                          "col_offset": 42,
                          "id": "callable"
                        },
                        "args": [
                          {
                            "type": "Call",
                            "lineno": 14,
                            "col_offset": 51,
                            "func": {
                              "type": "Name",
                              "lineno": 14,
                              "col_offset": 51,
                              "id": "getattr"
                            },
                            "args": [
                              {
                                "type": "Name",
                                "lineno": 14,
                                "col_offset": 59,
                                "id": "obj"
                              },
                              {
                                "type": "Constant",
                                "lineno": 14,
                                "col_offset": 64,
                                "value": "from_pretrained",
                                "kind": null
                              }
                            ],
                            "keywords": []
                          }
                        ],
                        "keywords": []
                      }
                    ]
                  },
                  "body": [
                    {
                      "type": "Assign",
                      "lineno": 15,
                      "col_offset": 4,
                      "targets": [
                        {
                          "type": "Name",
                          "lineno": 15,
                          "col_offset": 4,
                          "id": "cleaned_class"
                        }
                      ],
                      "value": {
                        "type": "Call",
                        "lineno": 15,
                        "col_offset": 20,
                        "func": {
                          "type": "Attribute",
                          "lineno": 15,
                          "col_offset": 20,
                          "value": {
                            "type": "Subscript",
                            "lineno": 15,
                            "col_offset": 20,
                            "value": {
                              "type": "Call",
                              "lineno": 15,
                              "col_offset": 20,
                              "func": {
                                "type": "Attribute",
                                "lineno": 15,
                                "col_offset": 20,
                                "value": {
                                  "type": "Call",
                                  "lineno": 15,
                                  "col_offset": 20,
                                  "func": {
                                    "type": "Name",
                                    "lineno": 15,
                                    "col_offset": 20,
                                    "id": "str"
                                  },
                                  "args": [
                                    {
                                      "type": "Name",
                                      "lineno": 15,
                                      "col_offset": 24,
                                      "id": "obj"
                                    }
                                  ],
                                  "keywords": []
                                },
                                "attr": "split"
                              },
                              "args": [
                                {
                                  "type": "Constant",
                                  "lineno": 15,
                                  "col_offset": 35,
                                  "value": ".",
                                  "kind": null
                                }
                              ],
                              "keywords": []
                            },
                            "slice": {
                              "type": "UnaryOp",
                              "lineno": 15,
                              "col_offset": 40,
                              "op": {
                                "type": "USub"
                              },
                              "operand": {
                                "type": "Constant",
                                "lineno": 15,
                                "col_offset": 41,
                                "value": 1,
                                "kind": null
                              }
                            }
                          },
                          "attr": "strip"
                        },
                        "args": [
                          {
                            "type": "Constant",
                            "lineno": 15,
                            "col_offset": 50,
                            "value": "'>",
                            "kind": null
                          }
                        ],
                        "keywords": []
                      },
                      "type_comment": null
                    },
                    {
                      "type": "Expr",
                      "lineno": 16,
                      "col_offset": 4,
                      "value": {
                        "type": "Call",
                        "lineno": 16,
                        "col_offset": 4,
                        "func": {
                          "type": "Attribute",
                          "lineno": 16,
                          "col_offset": 4,
                          "value": {
                            "type": "Name",
                            "lineno": 16,
                            "col_offset": 4,
                            "id": "classes"
                          },
                          "attr": "append"
                        },
                        "args": [
                          {
                            "type": "Name",
                            "lineno": 16,
                            "col_offset": 19,
                            "id": "cleaned_class"
                          }
                        ],
                        "keywords": []
                      }
                    }
                  ],
                  "orelse": []
                }
              ],
              "handlers": [
                {
                  "type": {
                    "type": "Name",
                    "lineno": 17,
                    "col_offset": 9,
                    "id": "Exception"
                  },
                  "lineno": 17,
                  "col_offset": 2,
                  "name": "e",
                  "body": [
                    {
                      "type": "Continue",
                      "lineno": 18,
                      "col_offset": 3
                    }
                  ]
                }
              ],
              "orelse": [],
              "finalbody": []
            }
          ],
          "orelse": []
        }
      ],
      "orelse": [],
      "type_comment": null
    },
    {
      "type": "With",
      "lineno": 21,
      "col_offset": 0,
      "items": [
        {
          "type": "withitem",
          "context_expr": {
            "type": "Call",
            "lineno": 21,
            "col_offset": 5,
            "func": {
              "type": "Name",
              "lineno": 21,
              "col_offset": 5,
              "id": "open"
            },
            "args": [
              {
                "type": "JoinedStr",
                "lineno": 21,
                "col_offset": 10,
                "values": [
                  {
                    "type": "FormattedValue",
                    "lineno": 21,
                    "col_offset": 12,
                    "value": {
                      "type": "Call",
                      "lineno": 21,
                      "col_offset": 13,
                      "func": {
                        "type": "Attribute",
                        "lineno": 21,
                        "col_offset": 13,
                        "value": {
                          "type": "Attribute",
                          "lineno": 21,
                          "col_offset": 13,
                          "value": {
                            "type": "Name",
                            "lineno": 21,
                            "col_offset": 13,
                            "id": "os"
                          },
                          "attr": "path"
                        },
                        "attr": "dirname"
                      },
                      "args": [
                        {
                          "type": "Name",
                          "lineno": 21,
                          "col_offset": 29,
                          "id": "__file__"
                        }
                      ],
                      "keywords": []
                    },
                    "conversion": -1,
                    "format_spec": null
                  },
                  {
                    "type": "Constant",
                    "lineno": 21,
                    "col_offset": 39,
                    "value": "/",
                    "kind": null
                  },
                  {
                    "type": "FormattedValue",
                    "lineno": 21,
                    "col_offset": 40,
                    "value": {
                      "type": "Name",
                      "lineno": 21,
                      "col_offset": 41,
                      "id": "input_file"
                    },
                    "conversion": -1,
                    "format_spec": null
                  }
                ]
              },
              {
                "type": "Constant",
                "lineno": 21,
                "col_offset": 55,
                "value": "r",
                "kind": null
              }
            ],
            "keywords": []
          },
          "optional_vars": {
            "type": "Name",
            "lineno": 21,
            "col_offset": 63,
            "id": "f"
          }
        }
      ],
      "body": [
        {
          "type": "Assign",
          "lineno": 22,
          "col_offset": 4,
          "targets": [
            {
              "type": "Name",
              "lineno": 22,
              "col_offset": 4,
              "id": "ipfs_huggingface"
            }
          ],
          "value": {
            "type": "Call",
            "lineno": 22,
            "col_offset": 23,
            "func": {
              "type": "Attribute",
              "lineno": 22,
              "col_offset": 23,
              "value": {
                "type": "Name",
                "lineno": 22,
                "col_offset": 23,
                "id": "f"
              },
              "attr": "read"
            },
            "args": [],
            "keywords": []
          },
          "type_comment": null
        }
      ],
      "type_comment": null
    },
    {
      "type": "Assign",
      "lineno": 27,
      "col_offset": 0,
      "targets": [
        {
          "type": "Name",
          "lineno": 27,
          "col_offset": 0,
          "id": "header"
        }
      ],
      "value": {
        "type": "Subscript",
        "lineno": 27,
        "col_offset": 9,
        "value": {
          "type": "Name",
          "lineno": 27,
          "col_offset": 9,
          "id": "ipfs_huggingface"
        },
        "slice": {
          "type": "Slice",
          "lineno": 27,
          "col_offset": 26,
          "lower": {
            "type": "Constant",
            "lineno": 27,
            "col_offset": 26,
            "value": 0,
            "kind": null
          },
          "upper": {
            "type": "Call",
            "lineno": 27,
            "col_offset": 30,
            "func": {
              "type": "Attribute",
              "lineno": 27,
              "col_offset": 30,
              "value": {
                "type": "Name",
                "lineno": 27,
                "col_offset": 30,
                "id": "ipfs_huggingface"
              },
              "attr": "find"
            },
            "args": [
              {
                "type": "Constant",
                "lineno": 27,
                "col_offset": 52,
                "value": "class Huggingface_Template():",
                "kind": null
              }
            ],
            "keywords": []
          },
          "step": null
        }
      },
      "type_comment": null
    },
    {
      "type": "Assign",
      "lineno": 30,
      "col_offset": 0,
      "targets": [
        {
          "type": "Name",
          "lineno": 30,
          "col_offset": 0,
          "id": "auto_download_template"
        }
      ],
      "value": {
        "type": "Subscript",
        "lineno": 30,
        "col_offset": 25,
        "value": {
          "type": "Name",
          "lineno": 30,
          "col_offset": 25,
          "id": "ipfs_huggingface"
        },
        "slice": {
          "type": "Slice",
          "lineno": 30,
          "col_offset": 42,
          "lower": {
            "type": "Call",
            "lineno": 30,
            "col_offset": 42,
            "func": {
              "type": "Attribute",
              "lineno": 30,
              "col_offset": 42,
              "value": {
                "type": "Name",
                "lineno": 30,
                "col_offset": 42,
                "id": "ipfs_huggingface"
              },
              "attr": "find"
            },
            "args": [
              {
                "type": "Constant",
                "lineno": 30,
                "col_offset": 64,
                "value": "# START AUTO_DOWNLOAD",
                "kind": null
              }
            ],
            "keywords": []
          },
          "upper": {
            "type": "Call",
            "lineno": 30,
            "col_offset": 91,
            "func": {
              "type": "Attribute",
              "lineno": 30,
              "col_offset": 91,
              "value": {
                "type": "Name",
                "lineno": 30,
                "col_offset": 91,
                "id": "ipfs_huggingface"
              },
              "attr": "find"
            },
            "args": [
              {
                "type": "Constant",
                "lineno": 30,
                "col_offset": 113,
                "value": "# END AUTO_DOWNLOAD",
                "kind": null
              }
            ],
            "keywords": []
          },
          "step": null
        }
      },
      "type_comment": null
    },
    {
      "type": "Assign",
      "lineno": 31,
      "col_offset": 0,
      "targets": [
        {
          "type": "Name",
          "lineno": 31,
          "col_offset": 0,
          "id": "from_ipfs_template"
        }
      ],
      "value": {
        "type": "Subscript",
        "lineno": 31,
        "col_offset": 21,
        "value": {
          "type": "Name",
          "lineno": 31,
          "col_offset": 21,
          "id": "ipfs_huggingface"
        },
        "slice": {
          "type": "Slice",
          "lineno": 31,
          "col_offset": 38,
          "lower": {
            "type": "Call",
            "lineno": 31,
            "col_offset": 38,
            "func": {
              "type": "Attribute",
              "lineno": 31,
              "col_offset": 38,
              "value": {
                "type": "Name",
                "lineno": 31,
                "col_offset": 38,
                "id": "ipfs_huggingface"
              },
              "attr": "find"
            },
            "args": [
              {
                "type": "Constant",
                "lineno": 31,
                "col_offset": 60,
                "value": "# START FROM_IPFS",
                "kind": null
              }
            ],
            "keywords": []
          },
          "upper": {
            "type": "Call",
            "lineno": 31,
            "col_offset": 83,
            "func": {
              "type": "Attribute",
              "lineno": 31,
              "col_offset": 83,
              "value": {
                "type": "Name",
                "lineno": 31,
                "col_offset": 83,
                "id": "ipfs_huggingface"
              },
              "attr": "find"
            },
            "args": [
              {
                "type": "Constant",
                "lineno": 31,
                "col_offset": 105,
                "value": "# END FROM_IPFS",
                "kind": null
              }
            ],
            "keywords": []
          },
          "step": null
        }
      },
      "type_comment": null
    },
    {
      "type": "Assign",
      "lineno": 34,
      "col_offset": 0,
      "targets": [
        {
          "type": "Name",
          "lineno": 34,
          "col_offset": 0,
          "id": "auto_download_template"
        }
      ],
      "value": {
        "type": "Call",
        "lineno": 34,
        "col_offset": 25,
        "func": {
          "type": "Attribute",
          "lineno": 34,
          "col_offset": 25,
          "value": {
            "type": "Call",
            "lineno": 34,
            "col_offset": 25,
            "func": {
              "type": "Attribute",
              "lineno": 34,
              "col_offset": 25,
              "value": {
                "type": "Name",
                "lineno": 34,
                "col_offset": 25,
                "id": "auto_download_template"
              },
              "attr": "replace"
            },
            "args": [
              {
                "type": "Constant",
                "lineno": 34,
                "col_offset": 56,
                "value": "# START AUTO_DOWNLOAD",
                "kind": null
              },
              {
                "type": "Constant",
                "lineno": 34,
                "col_offset": 81,
                "value": "",
                "kind": null
              }
            ],
            "keywords": []
          },
          "attr": "replace"
        },
        "args": [
          {
            "type": "Constant",
            "lineno": 34,
            "col_offset": 93,
            "value": "# END AUTO_DOWNLOAD",
            "kind": null
          },
          {
            "type": "Constant",
            "lineno": 34,
            "col_offset": 116,
            "value": "",
            "kind": null
          }
        ],
        "keywords": []
      },
      "type_comment": null
    },
    {
      "type": "Assign",
      "lineno": 35,
      "col_offset": 0,
      "targets": [
        {
          "type": "Name",
          "lineno": 35,
          "col_offset": 0,
          "id": "from_ipfs_template"
        }
      ],
      "value": {
        "type": "Call",
        "lineno": 35,
        "col_offset": 21,
        "func": {
          "type": "Attribute",
          "lineno": 35,
          "col_offset": 21,
          "value": {
            "type": "Call",
            "lineno": 35,
            "col_offset": 21,
            "func": {
              "type": "Attribute",
              "lineno": 35,
              "col_offset": 21,
              "value": {
                "type": "Name",
                "lineno": 35,
                "col_offset": 21,
                "id": "from_ipfs_template"
              },
              "attr": "replace"
            },
            "args": [
              {
                "type": "Constant",
                "lineno": 35,
                "col_offset": 48,
                "value": "# START FROM_IPFS",
                "kind": null
              },
              {
                "type": "Constant",
                "lineno": 35,
                "col_offset": 69,
                "value": "",
                "kind": null
              }
            ],
            "keywords": []
          },
          "attr": "replace"
        },
        "args": [
          {
            "type": "Constant",
            "lineno": 35,
            "col_offset": 81,
            "value": "# END FROM_IPFS",
            "kind": null
          },
          {
            "type": "Constant",
            "lineno": 35,
            "col_offset": 100,
            "value": "",
            "kind": null
          }
        ],
        "keywords": []
      },
      "type_comment": null
    },
    {
      "type": "With",
      "lineno": 38,
      "col_offset": 0,
      "items": [
        {
          "type": "withitem",
          "context_expr": {
            "type": "Call",
            "lineno": 38,
            "col_offset": 5,
            "func": {
              "type": "Name",
              "lineno": 38,
              "col_offset": 5,
              "id": "open"
            },
            "args": [
              {
                "type": "JoinedStr",
                "lineno": 38,
                "col_offset": 10,
                "values": [
                  {
                    "type": "FormattedValue",
                    "lineno": 38,
                    "col_offset": 12,
                    "value": {
                      "type": "Call",
                      "lineno": 38,
                      "col_offset": 13,
                      "func": {
                        "type": "Attribute",
                        "lineno": 38,
                        "col_offset": 13,
                        "value": {
                          "type": "Attribute",
                          "lineno": 38,
                          "col_offset": 13,
                          "value": {
                            "type": "Name",
                            "lineno": 38,
                            "col_offset": 13,
                            "id": "os"
                          },
                          "attr": "path"
                        },
                        "attr": "dirname"
                      },
                      "args": [
                        {
                          "type": "Name",
                          "lineno": 38,
                          "col_offset": 29,
                          "id": "__file__"
                        }
                      ],
                      "keywords": []
                    },
                    "conversion": -1,
                    "format_spec": null
                  },
                  {
                    "type": "Constant",
                    "lineno": 38,
                    "col_offset": 39,
                    "value": "/",
                    "kind": null
                  },
                  {
                    "type": "FormattedValue",
                    "lineno": 38,
                    "col_offset": 40,
                    "value": {
                      "type": "Name",
                      "lineno": 38,
                      "col_offset": 41,
                      "id": "output_file"
                    },
                    "conversion": -1,
                    "format_spec": null
                  }
                ]
              },
              {
                "type": "Constant",
                "lineno": 38,
                "col_offset": 56,
                "value": "w",
                "kind": null
              }
            ],
            "keywords": []
          },
          "optional_vars": {
            "type": "Name",
            "lineno": 38,
            "col_offset": 64,
            "id": "f"
          }
        }
      ],
      "body": [
        {
          "type": "Expr",
          "lineno": 39,
          "col_offset": 1,
          "value": {
            "type": "Call",
            "lineno": 39,
            "col_offset": 1,
            "func": {
              "type": "Attribute",
              "lineno": 39,
              "col_offset": 1,
              "value": {
                "type": "Name",
                "lineno": 39,
                "col_offset": 1,
                "id": "f"
              },
              "attr": "write"
            },
            "args": [
              {
                "type": "Name",
                "lineno": 39,
                "col_offset": 9,
                "id": "header"
              }
            ],
            "keywords": []
          }
        }
      ],
      "type_comment": null
    },
    {
      "type": "For",
      "lineno": 42,
      "col_offset": 0,
      "target": {
        "type": "Name",
        "lineno": 42,
        "col_offset": 4,
        "id": "transformer_class"
      },
      "iter": {
        "type": "Name",
        "lineno": 42,
        "col_offset": 25,
        "id": "classes"
      },
      "body": [
        {
          "type": "Assign",
          "lineno": 43,
          "col_offset": 1,
          "targets": [
            {
              "type": "Name",
              "lineno": 43,
              "col_offset": 1,
              "id": "class_specific_auto_download"
            }
          ],
          "value": {
            "type": "Call",
            "lineno": 43,
            "col_offset": 32,
            "func": {
              "type": "Attribute",
              "lineno": 43,
              "col_offset": 32,
              "value": {
                "type": "Name",
                "lineno": 43,
                "col_offset": 32,
                "id": "auto_download_template"
              },
              "attr": "replace"
            },
            "args": [
              {
                "type": "Constant",
                "lineno": 43,
                "col_offset": 63,
                "value": "Huggingface_Template",
                "kind": null
              },
              {
                "type": "Name",
                "lineno": 43,
                "col_offset": 87,
                "id": "transformer_class"
              }
            ],
            "keywords": []
          },
          "type_comment": null
        },
        {
          "type": "Assign",
          "lineno": 44,
          "col_offset": 1,
          "targets": [
            {
              "type": "Name",
              "lineno": 44,
              "col_offset": 1,
              "id": "class_specific_from_ipfs"
            }
          ],
          "value": {
            "type": "Call",
            "lineno": 44,
            "col_offset": 28,
            "func": {
              "type": "Attribute",
              "lineno": 44,
              "col_offset": 28,
              "value": {
                "type": "Name",
                "lineno": 44,
                "col_offset": 28,
                "id": "from_ipfs_template"
              },
              "attr": "replace"
            },
            "args": [
              {
                "type": "Constant",
                "lineno": 44,
                "col_offset": 55,
                "value": "Huggingface_Template",
                "kind": null
              },
              {
                "type": "Name",
                "lineno": 44,
                "col_offset": 79,
                "id": "transformer_class"
              }
            ],
            "keywords": []
          },
          "type_comment": null
        },
        {
          "type": "Assign",
          "lineno": 47,
          "col_offset": 1,
          "targets": [
            {
              "type": "Name",
              "lineno": 47,
              "col_offset": 1,
              "id": "output"
            }
          ],
          "value": {
            "type": "JoinedStr",
            "lineno": 47,
            "col_offset": 10,
            "values": [
              {
                "type": "Constant",
                "lineno": 47,
                "col_offset": 14,
                "value": "\nclass ",
                "kind": null
              },
              {
                "type": "FormattedValue",
                "lineno": 48,
                "col_offset": 6,
                "value": {
                  "type": "Name",
                  "lineno": 48,
                  "col_offset": 7,
                  "id": "transformer_class"
                },
                "conversion": -1,
                "format_spec": null
              },
              {
                "type": "Constant",
                "lineno": 48,
                "col_offset": 25,
                "value": "(): ",
                "kind": null
              },
              {
                "type": "FormattedValue",
                "lineno": 48,
                "col_offset": 29,
                "value": {
                  "type": "Name",
                  "lineno": 48,
                  "col_offset": 30,
                  "id": "class_specific_auto_download"
                },
                "conversion": -1,
                "format_spec": null
              },
              {
                "type": "Constant",
                "lineno": 48,
                "col_offset": 59,
                "value": " \n",
                "kind": null
              },
              {
                "type": "FormattedValue",
                "lineno": 49,
                "col_offset": 0,
                "value": {
                  "type": "Name",
                  "lineno": 49,
                  "col_offset": 1,
                  "id": "class_specific_from_ipfs"
                },
                "conversion": -1,
                "format_spec": null
              },
              {
                "type": "Constant",
                "lineno": 49,
                "col_offset": 26,
                "value": "\n\n",
                "kind": null
              }
            ]
          },
          "type_comment": null
        },
        {
          "type": "With",
          "lineno": 53,
          "col_offset": 1,
          "items": [
            {
              "type": "withitem",
              "context_expr": {
                "type": "Call",
                "lineno": 53,
                "col_offset": 6,
                "func": {
                  "type": "Name",
                  "lineno": 53,
                  "col_offset": 6,
                  "id": "open"
                },
                "args": [
                  {
                    "type": "JoinedStr",
                    "lineno": 53,
                    "col_offset": 11,
                    "values": [
                      {
                        "type": "FormattedValue",
                        "lineno": 53,
                        "col_offset": 13,
                        "value": {
                          "type": "Call",
                          "lineno": 53,
                          "col_offset": 14,
                          "func": {
                            "type": "Attribute",
                            "lineno": 53,
                            "col_offset": 14,
                            "value": {
                              "type": "Attribute",
                              "lineno": 53,
                              "col_offset": 14,
                              "value": {
                                "type": "Name",
                                "lineno": 53,
                                "col_offset": 14,
                                "id": "os"
                              },
                              "attr": "path"
                            },
                            "attr": "dirname"
                          },
                          "args": [
                            {
                              "type": "Name",
                              "lineno": 53,
                              "col_offset": 30,
                              "id": "__file__"
                            }
                          ],
                          "keywords": []
                        },
                        "conversion": -1,
                        "format_spec": null
                      },
                      {
                        "type": "Constant",
                        "lineno": 53,
                        "col_offset": 40,
                        "value": "/",
                        "kind": null
                      },
                      {
                        "type": "FormattedValue",
                        "lineno": 53,
                        "col_offset": 41,
                        "value": {
                          "type": "Name",
                          "lineno": 53,
                          "col_offset": 42,
                          "id": "output_file"
                        },
                        "conversion": -1,
                        "format_spec": null
                      }
                    ]
                  },
                  {
                    "type": "Constant",
                    "lineno": 53,
                    "col_offset": 57,
                    "value": "a",
                    "kind": null
                  }
                ],
                "keywords": []
              },
              "optional_vars": {
                "type": "Name",
                "lineno": 53,
                "col_offset": 65,
                "id": "f"
              }
            }
          ],
          "body": [
            {
              "type": "Expr",
              "lineno": 54,
              "col_offset": 2,
              "value": {
                "type": "Call",
                "lineno": 54,
                "col_offset": 2,
                "func": {
                  "type": "Attribute",
                  "lineno": 54,
                  "col_offset": 2,
                  "value": {
                    "type": "Name",
                    "lineno": 54,
                    "col_offset": 2,
                    "id": "f"
                  },
                  "attr": "write"
                },
                "args": [
                  {
                    "type": "Name",
                    "lineno": 54,
                    "col_offset": 10,
                    "id": "output"
                  }
                ],
                "keywords": []
              }
            }
          ],
          "type_comment": null
        }
      ],
      "orelse": [],
      "type_comment": null
    },
    {
      "type": "Expr",
      "lineno": 57,
      "col_offset": 0,
      "value": {
        "type": "Call",
        "lineno": 57,
        "col_offset": 0,
        "func": {
          "type": "Name",
          "lineno": 57,
          "col_offset": 0,
          "id": "print"
        },
        "args": [
          {
            "type": "Constant",
            "lineno": 57,
            "col_offset": 6,
            "value": "Done!",
            "kind": null
          }
        ],
        "keywords": []
      }
    }
  ],
  "type_ignores": []
}