{
  "type": "Module",
  "body": [
    {
      "type": "Import",
      "lineno": 1,
      "col_offset": 0,
      "names": [
        {
          "type": "alias",
          "lineno": 1,
          "col_offset": 7,
          "name": "sys",
          "asname": null
        }
      ]
    },
    {
      "type": "Import",
      "lineno": 2,
      "col_offset": 0,
      "names": [
        {
          "type": "alias",
          "lineno": 2,
          "col_offset": 7,
          "name": "os",
          "asname": null
        }
      ]
    },
    {
      "type": "Import",
      "lineno": 3,
      "col_offset": 0,
      "names": [
        {
          "type": "alias",
          "lineno": 3,
          "col_offset": 7,
          "name": "subprocess",
          "asname": null
        }
      ]
    },
    {
      "type": "Import",
      "lineno": 4,
      "col_offset": 0,
      "names": [
        {
          "type": "alias",
          "lineno": 4,
          "col_offset": 7,
          "name": "tempfile",
          "asname": null
        }
      ]
    },
    {
      "type": "Import",
      "lineno": 5,
      "col_offset": 0,
      "names": [
        {
          "type": "alias",
          "lineno": 5,
          "col_offset": 7,
          "name": "json",
          "asname": null
        }
      ]
    },
    {
      "type": "Import",
      "lineno": 6,
      "col_offset": 0,
      "names": [
        {
          "type": "alias",
          "lineno": 6,
          "col_offset": 7,
          "name": "time",
          "asname": null
        }
      ]
    },
    {
      "type": "ClassDef",
      "lineno": 8,
      "col_offset": 0,
      "name": "ipget",
      "bases": [],
      "keywords": [],
      "body": [
        {
          "type": "FunctionDef",
          "lineno": 9,
          "col_offset": 4,
          "name": "__init__",
          "args": {
            "type": "arguments",
            "posonlyargs": [],
            "args": [
              {
                "type": "arg",
                "lineno": 9,
                "col_offset": 17,
                "arg": "self",
                "annotation": null,
                "type_comment": null
              },
              {
                "type": "arg",
                "lineno": 9,
                "col_offset": 23,
                "arg": "resources",
                "annotation": null,
                "type_comment": null
              },
              {
                "type": "arg",
                "lineno": 9,
                "col_offset": 34,
                "arg": "meta",
                "annotation": null,
                "type_comment": null
              }
            ],
            "vararg": null,
            "kwonlyargs": [],
            "kw_defaults": [],
            "kwarg": null,
            "defaults": [
              {
                "type": "Constant",
                "lineno": 9,
                "col_offset": 39,
                "value": null,
                "kind": null
              }
            ]
          },
          "body": [
            {
              "type": "If",
              "lineno": 10,
              "col_offset": 8,
              "test": {
                "type": "Compare",
                "lineno": 10,
                "col_offset": 11,
                "left": {
                  "type": "Name",
                  "lineno": 10,
                  "col_offset": 11,
                  "id": "meta"
                },
                "ops": [
                  {
                    "type": "IsNot"
                  }
                ],
                "comparators": [
                  {
                    "type": "Constant",
                    "lineno": 10,
                    "col_offset": 23,
                    "value": null,
                    "kind": null
                  }
                ]
              },
              "body": [
                {
                  "type": "If",
                  "lineno": 11,
                  "col_offset": 12,
                  "test": {
                    "type": "Compare",
                    "lineno": 11,
                    "col_offset": 15,
                    "left": {
                      "type": "Constant",
                      "lineno": 11,
                      "col_offset": 15,
                      "value": "config",
                      "kind": null
                    },
                    "ops": [
                      {
                        "type": "In"
                      }
                    ],
                    "comparators": [
                      {
                        "type": "Name",
                        "lineno": 11,
                        "col_offset": 27,
                        "id": "meta"
                      }
                    ]
                  },
                  "body": [
                    {
                      "type": "If",
                      "lineno": 12,
                      "col_offset": 16,
                      "test": {
                        "type": "Compare",
                        "lineno": 12,
                        "col_offset": 19,
                        "left": {
                          "type": "Subscript",
                          "lineno": 12,
                          "col_offset": 19,
                          "value": {
                            "type": "Name",
                            "lineno": 12,
                            "col_offset": 19,
                            "id": "meta"
                          },
                          "slice": {
                            "type": "Constant",
                            "lineno": 12,
                            "col_offset": 24,
                            "value": "config",
                            "kind": null
                          }
                        },
                        "ops": [
                          {
                            "type": "IsNot"
                          }
                        ],
                        "comparators": [
                          {
                            "type": "Constant",
                            "lineno": 12,
                            "col_offset": 41,
                            "value": null,
                            "kind": null
                          }
                        ]
                      },
                      "body": [
                        {
                          "type": "Assign",
                          "lineno": 13,
                          "col_offset": 20,
                          "targets": [
                            {
                              "type": "Attribute",
                              "lineno": 13,
                              "col_offset": 20,
                              "value": {
                                "type": "Name",
                                "lineno": 13,
                                "col_offset": 20,
                                "id": "self"
                              },
                              "attr": "config"
                            }
                          ],
                          "value": {
                            "type": "Subscript",
                            "lineno": 13,
                            "col_offset": 34,
                            "value": {
                              "type": "Name",
                              "lineno": 13,
                              "col_offset": 34,
                              "id": "meta"
                            },
                            "slice": {
                              "type": "Constant",
                              "lineno": 13,
                              "col_offset": 39,
                              "value": "config",
                              "kind": null
                            }
                          },
                          "type_comment": null
                        }
                      ],
                      "orelse": []
                    }
                  ],
                  "orelse": []
                },
                {
                  "type": "If",
                  "lineno": 14,
                  "col_offset": 12,
                  "test": {
                    "type": "Compare",
                    "lineno": 14,
                    "col_offset": 15,
                    "left": {
                      "type": "Constant",
                      "lineno": 14,
                      "col_offset": 15,
                      "value": "role",
                      "kind": null
                    },
                    "ops": [
                      {
                        "type": "In"
                      }
                    ],
                    "comparators": [
                      {
                        "type": "Name",
                        "lineno": 14,
                        "col_offset": 25,
                        "id": "meta"
                      }
                    ]
                  },
                  "body": [
                    {
                      "type": "If",
                      "lineno": 15,
                      "col_offset": 16,
                      "test": {
                        "type": "Compare",
                        "lineno": 15,
                        "col_offset": 19,
                        "left": {
                          "type": "Subscript",
                          "lineno": 15,
                          "col_offset": 19,
                          "value": {
                            "type": "Name",
                            "lineno": 15,
                            "col_offset": 19,
                            "id": "meta"
                          },
                          "slice": {
                            "type": "Constant",
                            "lineno": 15,
                            "col_offset": 24,
                            "value": "role",
                            "kind": null
                          }
                        },
                        "ops": [
                          {
                            "type": "IsNot"
                          }
                        ],
                        "comparators": [
                          {
                            "type": "Constant",
                            "lineno": 15,
                            "col_offset": 39,
                            "value": null,
                            "kind": null
                          }
                        ]
                      },
                      "body": [
                        {
                          "type": "Assign",
                          "lineno": 16,
                          "col_offset": 20,
                          "targets": [
                            {
                              "type": "Attribute",
                              "lineno": 16,
                              "col_offset": 20,
                              "value": {
                                "type": "Name",
                                "lineno": 16,
                                "col_offset": 20,
                                "id": "self"
                              },
                              "attr": "role"
                            }
                          ],
                          "value": {
                            "type": "Subscript",
                            "lineno": 16,
                            "col_offset": 32,
                            "value": {
                              "type": "Name",
                              "lineno": 16,
                              "col_offset": 32,
                              "id": "meta"
                            },
                            "slice": {
                              "type": "Constant",
                              "lineno": 16,
                              "col_offset": 37,
                              "value": "role",
                              "kind": null
                            }
                          },
                          "type_comment": null
                        },
                        {
                          "type": "If",
                          "lineno": 17,
                          "col_offset": 20,
                          "test": {
                            "type": "Compare",
                            "lineno": 17,
                            "col_offset": 23,
                            "left": {
                              "type": "Attribute",
                              "lineno": 17,
                              "col_offset": 23,
                              "value": {
                                "type": "Name",
                                "lineno": 17,
                                "col_offset": 23,
                                "id": "self"
                              },
                              "attr": "role"
                            },
                            "ops": [
                              {
                                "type": "NotIn"
                              }
                            ],
                            "comparators": [
                              {
                                "type": "List",
                                "lineno": 17,
                                "col_offset": 41,
                                "elts": [
                                  {
                                    "type": "Constant",
                                    "lineno": 17,
                                    "col_offset": 42,
                                    "value": "master",
                                    "kind": null
                                  },
                                  {
                                    "type": "Constant",
                                    "lineno": 17,
                                    "col_offset": 51,
                                    "value": "worker",
                                    "kind": null
                                  },
                                  {
                                    "type": "Constant",
                                    "lineno": 17,
                                    "col_offset": 60,
                                    "value": "leecher",
                                    "kind": null
                                  }
                                ]
                              }
                            ]
                          },
                          "body": [
                            {
                              "type": "Raise",
                              "lineno": 18,
                              "col_offset": 24,
                              "exc": {
                                "type": "Call",
                                "lineno": 18,
                                "col_offset": 30,
                                "func": {
                                  "type": "Name",
                                  "lineno": 18,
                                  "col_offset": 30,
                                  "id": "Exception"
                                },
                                "args": [
                                  {
                                    "type": "Constant",
                                    "lineno": 18,
                                    "col_offset": 40,
                                    "value": "role is not either master, worker, leecher",
                                    "kind": null
                                  }
                                ],
                                "keywords": []
                              },
                              "cause": null
                            }
                          ],
                          "orelse": [
                            {
                              "type": "Assign",
                              "lineno": 20,
                              "col_offset": 24,
                              "targets": [
                                {
                                  "type": "Attribute",
                                  "lineno": 20,
                                  "col_offset": 24,
                                  "value": {
                                    "type": "Name",
                                    "lineno": 20,
                                    "col_offset": 24,
                                    "id": "self"
                                  },
                                  "attr": "role"
                                }
                              ],
                              "value": {
                                "type": "Constant",
                                "lineno": 20,
                                "col_offset": 36,
                                "value": "leecher",
                                "kind": null
                              },
                              "type_comment": null
                            }
                          ]
                        }
                      ],
                      "orelse": []
                    }
                  ],
                  "orelse": []
                },
                {
                  "type": "If",
                  "lineno": 22,
                  "col_offset": 12,
                  "test": {
                    "type": "Compare",
                    "lineno": 22,
                    "col_offset": 15,
                    "left": {
                      "type": "Constant",
                      "lineno": 22,
                      "col_offset": 15,
                      "value": "cluster_name",
                      "kind": null
                    },
                    "ops": [
                      {
                        "type": "In"
                      }
                    ],
                    "comparators": [
                      {
                        "type": "Name",
                        "lineno": 22,
                        "col_offset": 33,
                        "id": "meta"
                      }
                    ]
                  },
                  "body": [
                    {
                      "type": "If",
                      "lineno": 23,
                      "col_offset": 16,
                      "test": {
                        "type": "Compare",
                        "lineno": 23,
                        "col_offset": 19,
                        "left": {
                          "type": "Subscript",
                          "lineno": 23,
                          "col_offset": 19,
                          "value": {
                            "type": "Name",
                            "lineno": 23,
                            "col_offset": 19,
                            "id": "meta"
                          },
                          "slice": {
                            "type": "Constant",
                            "lineno": 23,
                            "col_offset": 24,
                            "value": "cluster_name",
                            "kind": null
                          }
                        },
                        "ops": [
                          {
                            "type": "IsNot"
                          }
                        ],
                        "comparators": [
                          {
                            "type": "Constant",
                            "lineno": 23,
                            "col_offset": 47,
                            "value": null,
                            "kind": null
                          }
                        ]
                      },
                      "body": [
                        {
                          "type": "Assign",
                          "lineno": 24,
                          "col_offset": 20,
                          "targets": [
                            {
                              "type": "Attribute",
                              "lineno": 24,
                              "col_offset": 20,
                              "value": {
                                "type": "Name",
                                "lineno": 24,
                                "col_offset": 20,
                                "id": "self"
                              },
                              "attr": "cluster_name"
                            }
                          ],
                          "value": {
                            "type": "Subscript",
                            "lineno": 24,
                            "col_offset": 40,
                            "value": {
                              "type": "Name",
                              "lineno": 24,
                              "col_offset": 40,
                              "id": "meta"
                            },
                            "slice": {
                              "type": "Constant",
                              "lineno": 24,
                              "col_offset": 45,
                              "value": "cluster_name",
                              "kind": null
                            }
                          },
                          "type_comment": null
                        }
                      ],
                      "orelse": []
                    }
                  ],
                  "orelse": []
                },
                {
                  "type": "If",
                  "lineno": 26,
                  "col_offset": 12,
                  "test": {
                    "type": "Compare",
                    "lineno": 26,
                    "col_offset": 15,
                    "left": {
                      "type": "Constant",
                      "lineno": 26,
                      "col_offset": 15,
                      "value": "ipfs_path",
                      "kind": null
                    },
                    "ops": [
                      {
                        "type": "In"
                      }
                    ],
                    "comparators": [
                      {
                        "type": "Name",
                        "lineno": 26,
                        "col_offset": 30,
                        "id": "meta"
                      }
                    ]
                  },
                  "body": [
                    {
                      "type": "If",
                      "lineno": 27,
                      "col_offset": 16,
                      "test": {
                        "type": "Compare",
                        "lineno": 27,
                        "col_offset": 19,
                        "left": {
                          "type": "Subscript",
                          "lineno": 27,
                          "col_offset": 19,
                          "value": {
                            "type": "Name",
                            "lineno": 27,
                            "col_offset": 19,
                            "id": "meta"
                          },
                          "slice": {
                            "type": "Constant",
                            "lineno": 27,
                            "col_offset": 24,
                            "value": "ipfs_path",
                            "kind": null
                          }
                        },
                        "ops": [
                          {
                            "type": "IsNot"
                          }
                        ],
                        "comparators": [
                          {
                            "type": "Constant",
                            "lineno": 27,
                            "col_offset": 44,
                            "value": null,
                            "kind": null
                          }
                        ]
                      },
                      "body": [
                        {
                          "type": "Assign",
                          "lineno": 28,
                          "col_offset": 20,
                          "targets": [
                            {
                              "type": "Attribute",
                              "lineno": 28,
                              "col_offset": 20,
                              "value": {
                                "type": "Name",
                                "lineno": 28,
                                "col_offset": 20,
                                "id": "self"
                              },
                              "attr": "ipfs_path"
                            }
                          ],
                          "value": {
                            "type": "Subscript",
                            "lineno": 28,
                            "col_offset": 37,
                            "value": {
                              "type": "Name",
                              "lineno": 28,
                              "col_offset": 37,
                              "id": "meta"
                            },
                            "slice": {
                              "type": "Constant",
                              "lineno": 28,
                              "col_offset": 42,
                              "value": "ipfs_path",
                              "kind": null
                            }
                          },
                          "type_comment": null
                        }
                      ],
                      "orelse": []
                    }
                  ],
                  "orelse": []
                },
                {
                  "type": "If",
                  "lineno": 30,
                  "col_offset": 12,
                  "test": {
                    "type": "BoolOp",
                    "lineno": 30,
                    "col_offset": 15,
                    "op": {
                      "type": "Or"
                    },
                    "values": [
                      {
                        "type": "Compare",
                        "lineno": 30,
                        "col_offset": 15,
                        "left": {
                          "type": "Attribute",
                          "lineno": 30,
                          "col_offset": 15,
                          "value": {
                            "type": "Name",
                            "lineno": 30,
                            "col_offset": 15,
                            "id": "self"
                          },
                          "attr": "role"
                        },
                        "ops": [
                          {
                            "type": "Eq"
                          }
                        ],
                        "comparators": [
                          {
                            "type": "Constant",
                            "lineno": 30,
                            "col_offset": 28,
                            "value": "leecher",
                            "kind": null
                          }
                        ]
                      },
                      {
                        "type": "Compare",
                        "lineno": 30,
                        "col_offset": 41,
                        "left": {
                          "type": "Attribute",
                          "lineno": 30,
                          "col_offset": 41,
                          "value": {
                            "type": "Name",
                            "lineno": 30,
                            "col_offset": 41,
                            "id": "self"
                          },
                          "attr": "role"
                        },
                        "ops": [
                          {
                            "type": "Eq"
                          }
                        ],
                        "comparators": [
                          {
                            "type": "Constant",
                            "lineno": 30,
                            "col_offset": 54,
                            "value": "worker",
                            "kind": null
                          }
                        ]
                      },
                      {
                        "type": "Compare",
                        "lineno": 30,
                        "col_offset": 66,
                        "left": {
                          "type": "Attribute",
                          "lineno": 30,
                          "col_offset": 66,
                          "value": {
                            "type": "Name",
                            "lineno": 30,
                            "col_offset": 66,
                            "id": "self"
                          },
                          "attr": "role"
                        },
                        "ops": [
                          {
                            "type": "Eq"
                          }
                        ],
                        "comparators": [
                          {
                            "type": "Constant",
                            "lineno": 30,
                            "col_offset": 79,
                            "value": "master",
                            "kind": null
                          }
                        ]
                      }
                    ]
                  },
                  "body": [
                    {
                      "type": "Pass",
                      "lineno": 31,
                      "col_offset": 16
                    }
                  ],
                  "orelse": []
                }
              ],
              "orelse": []
            }
          ],
          "decorator_list": [],
          "returns": null,
          "type_comment": null,
          "type_params": []
        },
        {
          "type": "FunctionDef",
          "lineno": 33,
          "col_offset": 4,
          "name": "ipget_download_object",
          "args": {
            "type": "arguments",
            "posonlyargs": [],
            "args": [
              {
                "type": "arg",
                "lineno": 33,
                "col_offset": 30,
                "arg": "self",
                "annotation": null,
                "type_comment": null
              }
            ],
            "vararg": null,
            "kwonlyargs": [],
            "kw_defaults": [],
            "kwarg": {
              "type": "arg",
              "lineno": 33,
              "col_offset": 38,
              "arg": "kwargs",
              "annotation": null,
              "type_comment": null
            },
            "defaults": []
          },
          "body": [
            {
              "type": "If",
              "lineno": 35,
              "col_offset": 8,
              "test": {
                "type": "Compare",
                "lineno": 35,
                "col_offset": 11,
                "left": {
                  "type": "Constant",
                  "lineno": 35,
                  "col_offset": 11,
                  "value": "cid",
                  "kind": null
                },
                "ops": [
                  {
                    "type": "NotIn"
                  }
                ],
                "comparators": [
                  {
                    "type": "Name",
                    "lineno": 35,
                    "col_offset": 24,
                    "id": "kwargs"
                  }
                ]
              },
              "body": [
                {
                  "type": "Raise",
                  "lineno": 36,
                  "col_offset": 12,
                  "exc": {
                    "type": "Call",
                    "lineno": 36,
                    "col_offset": 18,
                    "func": {
                      "type": "Name",
                      "lineno": 36,
                      "col_offset": 18,
                      "id": "Exception"
                    },
                    "args": [
                      {
                        "type": "Constant",
                        "lineno": 36,
                        "col_offset": 28,
                        "value": "cid not found in kwargs",
                        "kind": null
                      }
                    ],
                    "keywords": []
                  },
                  "cause": null
                }
              ],
              "orelse": []
            },
            {
              "type": "If",
              "lineno": 37,
              "col_offset": 8,
              "test": {
                "type": "Compare",
                "lineno": 37,
                "col_offset": 11,
                "left": {
                  "type": "Constant",
                  "lineno": 37,
                  "col_offset": 11,
                  "value": "path",
                  "kind": null
                },
                "ops": [
                  {
                    "type": "NotIn"
                  }
                ],
                "comparators": [
                  {
                    "type": "Name",
                    "lineno": 37,
                    "col_offset": 25,
                    "id": "kwargs"
                  }
                ]
              },
              "body": [
                {
                  "type": "Raise",
                  "lineno": 38,
                  "col_offset": 12,
                  "exc": {
                    "type": "Call",
                    "lineno": 38,
                    "col_offset": 18,
                    "func": {
                      "type": "Name",
                      "lineno": 38,
                      "col_offset": 18,
                      "id": "Exception"
                    },
                    "args": [
                      {
                        "type": "Constant",
                        "lineno": 38,
                        "col_offset": 28,
                        "value": "path not found in kwargs",
                        "kind": null
                      }
                    ],
                    "keywords": []
                  },
                  "cause": null
                }
              ],
              "orelse": []
            },
            {
              "type": "If",
              "lineno": 39,
              "col_offset": 8,
              "test": {
                "type": "Call",
                "lineno": 39,
                "col_offset": 11,
                "func": {
                  "type": "Attribute",
                  "lineno": 39,
                  "col_offset": 11,
                  "value": {
                    "type": "Attribute",
                    "lineno": 39,
                    "col_offset": 11,
                    "value": {
                      "type": "Name",
                      "lineno": 39,
                      "col_offset": 11,
                      "id": "os"
                    },
                    "attr": "path"
                  },
                  "attr": "exists"
                },
                "args": [
                  {
                    "type": "Subscript",
                    "lineno": 39,
                    "col_offset": 26,
                    "value": {
                      "type": "Name",
                      "lineno": 39,
                      "col_offset": 26,
                      "id": "kwargs"
                    },
                    "slice": {
                      "type": "Constant",
                      "lineno": 39,
                      "col_offset": 33,
                      "value": "path",
                      "kind": null
                    }
                  }
                ],
                "keywords": []
              },
              "body": [
                {
                  "type": "Pass",
                  "lineno": 40,
                  "col_offset": 12
                }
              ],
              "orelse": []
            },
            {
              "type": "If",
              "lineno": 42,
              "col_offset": 8,
              "test": {
                "type": "UnaryOp",
                "lineno": 42,
                "col_offset": 11,
                "op": {
                  "type": "Not"
                },
                "operand": {
                  "type": "Call",
                  "lineno": 42,
                  "col_offset": 15,
                  "func": {
                    "type": "Attribute",
                    "lineno": 42,
                    "col_offset": 15,
                    "value": {
                      "type": "Attribute",
                      "lineno": 42,
                      "col_offset": 15,
                      "value": {
                        "type": "Name",
                        "lineno": 42,
                        "col_offset": 15,
                        "id": "os"
                      },
                      "attr": "path"
                    },
                    "attr": "exists"
                  },
                  "args": [
                    {
                      "type": "Call",
                      "lineno": 42,
                      "col_offset": 30,
                      "func": {
                        "type": "Attribute",
                        "lineno": 42,
                        "col_offset": 30,
                        "value": {
                          "type": "Attribute",
                          "lineno": 42,
                          "col_offset": 30,
                          "value": {
                            "type": "Name",
                            "lineno": 42,
                            "col_offset": 30,
                            "id": "os"
                          },
                          "attr": "path"
                        },
                        "attr": "dirname"
                      },
                      "args": [
                        {
                          "type": "Subscript",
                          "lineno": 42,
                          "col_offset": 46,
                          "value": {
                            "type": "Name",
                            "lineno": 42,
                            "col_offset": 46,
                            "id": "kwargs"
                          },
                          "slice": {
                            "type": "Constant",
                            "lineno": 42,
                            "col_offset": 53,
                            "value": "path",
                            "kind": null
                          }
                        }
                      ],
                      "keywords": []
                    }
                  ],
                  "keywords": []
                }
              },
              "body": [
                {
                  "type": "Expr",
                  "lineno": 43,
                  "col_offset": 12,
                  "value": {
                    "type": "Call",
                    "lineno": 43,
                    "col_offset": 12,
                    "func": {
                      "type": "Attribute",
                      "lineno": 43,
                      "col_offset": 12,
                      "value": {
                        "type": "Name",
                        "lineno": 43,
                        "col_offset": 12,
                        "id": "os"
                      },
                      "attr": "makedirs"
                    },
                    "args": [
                      {
                        "type": "Call",
                        "lineno": 43,
                        "col_offset": 24,
                        "func": {
                          "type": "Attribute",
                          "lineno": 43,
                          "col_offset": 24,
                          "value": {
                            "type": "Attribute",
                            "lineno": 43,
                            "col_offset": 24,
                            "value": {
                              "type": "Name",
                              "lineno": 43,
                              "col_offset": 24,
                              "id": "os"
                            },
                            "attr": "path"
                          },
                          "attr": "dirname"
                        },
                        "args": [
                          {
                            "type": "Subscript",
                            "lineno": 43,
                            "col_offset": 40,
                            "value": {
                              "type": "Name",
                              "lineno": 43,
                              "col_offset": 40,
                              "id": "kwargs"
                            },
                            "slice": {
                              "type": "Constant",
                              "lineno": 43,
                              "col_offset": 47,
                              "value": "path",
                              "kind": null
                            }
                          }
                        ],
                        "keywords": []
                      }
                    ],
                    "keywords": []
                  }
                }
              ],
              "orelse": []
            },
            {
              "type": "Assign",
              "lineno": 45,
              "col_offset": 8,
              "targets": [
                {
                  "type": "Name",
                  "lineno": 45,
                  "col_offset": 8,
                  "id": "command"
                }
              ],
              "value": {
                "type": "BinOp",
                "lineno": 45,
                "col_offset": 18,
                "left": {
                  "type": "BinOp",
                  "lineno": 45,
                  "col_offset": 18,
                  "left": {
                    "type": "BinOp",
                    "lineno": 45,
                    "col_offset": 18,
                    "left": {
                      "type": "BinOp",
                      "lineno": 45,
                      "col_offset": 18,
                      "left": {
                        "type": "BinOp",
                        "lineno": 45,
                        "col_offset": 18,
                        "left": {
                          "type": "Constant",
                          "lineno": 45,
                          "col_offset": 18,
                          "value": "export IPFS_PATH=",
                          "kind": null
                        },
                        "op": {
                          "type": "Add"
                        },
                        "right": {
                          "type": "Attribute",
                          "lineno": 45,
                          "col_offset": 40,
                          "value": {
                            "type": "Name",
                            "lineno": 45,
                            "col_offset": 40,
                            "id": "self"
                          },
                          "attr": "ipfs_path"
                        }
                      },
                      "op": {
                        "type": "Add"
                      },
                      "right": {
                        "type": "Constant",
                        "lineno": 45,
                        "col_offset": 57,
                        "value": " && ipfs get ",
                        "kind": null
                      }
                    },
                    "op": {
                      "type": "Add"
                    },
                    "right": {
                      "type": "Subscript",
                      "lineno": 45,
                      "col_offset": 75,
                      "value": {
                        "type": "Name",
                        "lineno": 45,
                        "col_offset": 75,
                        "id": "kwargs"
                      },
                      "slice": {
                        "type": "Constant",
                        "lineno": 45,
                        "col_offset": 82,
                        "value": "cid",
                        "kind": null
                      }
                    }
                  },
                  "op": {
                    "type": "Add"
                  },
                  "right": {
                    "type": "Constant",
                    "lineno": 45,
                    "col_offset": 91,
                    "value": " -o ",
                    "kind": null
                  }
                },
                "op": {
                  "type": "Add"
                },
                "right": {
                  "type": "Subscript",
                  "lineno": 45,
                  "col_offset": 100,
                  "value": {
                    "type": "Name",
                    "lineno": 45,
                    "col_offset": 100,
                    "id": "kwargs"
                  },
                  "slice": {
                    "type": "Constant",
                    "lineno": 45,
                    "col_offset": 107,
                    "value": "path",
                    "kind": null
                  }
                }
              },
              "type_comment": null
            },
            {
              "type": "Assign",
              "lineno": 46,
              "col_offset": 8,
              "targets": [
                {
                  "type": "Name",
                  "lineno": 46,
                  "col_offset": 8,
                  "id": "process"
                }
              ],
              "value": {
                "type": "Call",
                "lineno": 46,
                "col_offset": 18,
                "func": {
                  "type": "Attribute",
                  "lineno": 46,
                  "col_offset": 18,
                  "value": {
                    "type": "Name",
                    "lineno": 46,
                    "col_offset": 18,
                    "id": "subprocess"
                  },
                  "attr": "Popen"
                },
                "args": [
                  {
                    "type": "Name",
                    "lineno": 46,
                    "col_offset": 35,
                    "id": "command"
                  }
                ],
                "keywords": [
                  {
                    "type": "keyword",
                    "lineno": 46,
                    "col_offset": 44,
                    "arg": "shell",
                    "value": {
                      "type": "Constant",
                      "lineno": 46,
                      "col_offset": 50,
                      "value": true,
                      "kind": null
                    }
                  },
                  {
                    "type": "keyword",
                    "lineno": 46,
                    "col_offset": 56,
                    "arg": "stdout",
                    "value": {
                      "type": "Attribute",
                      "lineno": 46,
                      "col_offset": 63,
                      "value": {
                        "type": "Name",
                        "lineno": 46,
                        "col_offset": 63,
                        "id": "subprocess"
                      },
                      "attr": "PIPE"
                    }
                  },
                  {
                    "type": "keyword",
                    "lineno": 46,
                    "col_offset": 80,
                    "arg": "stderr",
                    "value": {
                      "type": "Attribute",
                      "lineno": 46,
                      "col_offset": 87,
                      "value": {
                        "type": "Name",
                        "lineno": 46,
                        "col_offset": 87,
                        "id": "subprocess"
                      },
                      "attr": "PIPE"
                    }
                  }
                ]
              },
              "type_comment": null
            },
            {
              "type": "Assign",
              "lineno": 48,
              "col_offset": 8,
              "targets": [
                {
                  "type": "Name",
                  "lineno": 48,
                  "col_offset": 8,
                  "id": "start_time"
                }
              ],
              "value": {
                "type": "Call",
                "lineno": 48,
                "col_offset": 21,
                "func": {
                  "type": "Attribute",
                  "lineno": 48,
                  "col_offset": 21,
                  "value": {
                    "type": "Name",
                    "lineno": 48,
                    "col_offset": 21,
                    "id": "time"
                  },
                  "attr": "time"
                },
                "args": [],
                "keywords": []
              },
              "type_comment": null
            },
            {
              "type": "Assign",
              "lineno": 49,
              "col_offset": 8,
              "targets": [
                {
                  "type": "Name",
                  "lineno": 49,
                  "col_offset": 8,
                  "id": "timeout"
                }
              ],
              "value": {
                "type": "Constant",
                "lineno": 49,
                "col_offset": 18,
                "value": 5,
                "kind": null
              },
              "type_comment": null
            },
            {
              "type": "While",
              "lineno": 51,
              "col_offset": 8,
              "test": {
                "type": "Constant",
                "lineno": 51,
                "col_offset": 14,
                "value": true,
                "kind": null
              },
              "body": [
                {
                  "type": "If",
                  "lineno": 52,
                  "col_offset": 12,
                  "test": {
                    "type": "Compare",
                    "lineno": 52,
                    "col_offset": 15,
                    "left": {
                      "type": "Call",
                      "lineno": 52,
                      "col_offset": 15,
                      "func": {
                        "type": "Attribute",
                        "lineno": 52,
                        "col_offset": 15,
                        "value": {
                          "type": "Name",
                          "lineno": 52,
                          "col_offset": 15,
                          "id": "process"
                        },
                        "attr": "poll"
                      },
                      "args": [],
                      "keywords": []
                    },
                    "ops": [
                      {
                        "type": "IsNot"
                      }
                    ],
                    "comparators": [
                      {
                        "type": "Constant",
                        "lineno": 52,
                        "col_offset": 37,
                        "value": null,
                        "kind": null
                      }
                    ]
                  },
                  "body": [
                    {
                      "type": "Assign",
                      "lineno": 53,
                      "col_offset": 16,
                      "targets": [
                        {
                          "type": "Tuple",
                          "lineno": 53,
                          "col_offset": 16,
                          "elts": [
                            {
                              "type": "Name",
                              "lineno": 53,
                              "col_offset": 16,
                              "id": "stdout"
                            },
                            {
                              "type": "Name",
                              "lineno": 53,
                              "col_offset": 24,
                              "id": "stderr"
                            }
                          ]
                        }
                      ],
                      "value": {
                        "type": "Call",
                        "lineno": 53,
                        "col_offset": 33,
                        "func": {
                          "type": "Attribute",
                          "lineno": 53,
                          "col_offset": 33,
                          "value": {
                            "type": "Name",
                            "lineno": 53,
                            "col_offset": 33,
                            "id": "process"
                          },
                          "attr": "communicate"
                        },
                        "args": [],
                        "keywords": []
                      },
                      "type_comment": null
                    },
                    {
                      "type": "Expr",
                      "lineno": 54,
                      "col_offset": 16,
                      "value": {
                        "type": "Call",
                        "lineno": 54,
                        "col_offset": 16,
                        "func": {
                          "type": "Attribute",
                          "lineno": 54,
                          "col_offset": 16,
                          "value": {
                            "type": "Name",
                            "lineno": 54,
                            "col_offset": 16,
                            "id": "stdout"
                          },
                          "attr": "decode"
                        },
                        "args": [],
                        "keywords": []
                      }
                    },
                    {
                      "type": "Expr",
                      "lineno": 55,
                      "col_offset": 16,
                      "value": {
                        "type": "Call",
                        "lineno": 55,
                        "col_offset": 16,
                        "func": {
                          "type": "Attribute",
                          "lineno": 55,
                          "col_offset": 16,
                          "value": {
                            "type": "Name",
                            "lineno": 55,
                            "col_offset": 16,
                            "id": "stderr"
                          },
                          "attr": "decode"
                        },
                        "args": [],
                        "keywords": []
                      }
                    },
                    {
                      "type": "Break",
                      "lineno": 56,
                      "col_offset": 16
                    }
                  ],
                  "orelse": []
                },
                {
                  "type": "If",
                  "lineno": 58,
                  "col_offset": 12,
                  "test": {
                    "type": "Compare",
                    "lineno": 58,
                    "col_offset": 15,
                    "left": {
                      "type": "BinOp",
                      "lineno": 58,
                      "col_offset": 15,
                      "left": {
                        "type": "Call",
                        "lineno": 58,
                        "col_offset": 15,
                        "func": {
                          "type": "Attribute",
                          "lineno": 58,
                          "col_offset": 15,
                          "value": {
                            "type": "Name",
                            "lineno": 58,
                            "col_offset": 15,
                            "id": "time"
                          },
                          "attr": "time"
                        },
                        "args": [],
                        "keywords": []
                      },
                      "op": {
                        "type": "Sub"
                      },
                      "right": {
                        "type": "Name",
                        "lineno": 58,
                        "col_offset": 29,
                        "id": "start_time"
                      }
                    },
                    "ops": [
                      {
                        "type": "Gt"
                      }
                    ],
                    "comparators": [
                      {
                        "type": "Name",
                        "lineno": 58,
                        "col_offset": 42,
                        "id": "timeout"
                      }
                    ]
                  },
                  "body": [
                    {
                      "type": "Expr",
                      "lineno": 59,
                      "col_offset": 16,
                      "value": {
                        "type": "Call",
                        "lineno": 59,
                        "col_offset": 16,
                        "func": {
                          "type": "Attribute",
                          "lineno": 59,
                          "col_offset": 16,
                          "value": {
                            "type": "Name",
                            "lineno": 59,
                            "col_offset": 16,
                            "id": "process"
                          },
                          "attr": "kill"
                        },
                        "args": [],
                        "keywords": []
                      }
                    },
                    {
                      "type": "Raise",
                      "lineno": 60,
                      "col_offset": 16,
                      "exc": {
                        "type": "Call",
                        "lineno": 60,
                        "col_offset": 22,
                        "func": {
                          "type": "Name",
                          "lineno": 60,
                          "col_offset": 22,
                          "id": "Exception"
                        },
                        "args": [
                          {
                            "type": "Constant",
                            "lineno": 60,
                            "col_offset": 32,
                            "value": "Command timed out",
                            "kind": null
                          }
                        ],
                        "keywords": []
                      },
                      "cause": null
                    }
                  ],
                  "orelse": []
                },
                {
                  "type": "Expr",
                  "lineno": 62,
                  "col_offset": 12,
                  "value": {
                    "type": "Call",
                    "lineno": 62,
                    "col_offset": 12,
                    "func": {
                      "type": "Attribute",
                      "lineno": 62,
                      "col_offset": 12,
                      "value": {
                        "type": "Name",
                        "lineno": 62,
                        "col_offset": 12,
                        "id": "time"
                      },
                      "attr": "sleep"
                    },
                    "args": [
                      {
                        "type": "Constant",
                        "lineno": 62,
                        "col_offset": 23,
                        "value": 1,
                        "kind": null
                      }
                    ],
                    "keywords": []
                  }
                }
              ],
              "orelse": []
            },
            {
              "type": "Assign",
              "lineno": 64,
              "col_offset": 8,
              "targets": [
                {
                  "type": "Tuple",
                  "lineno": 64,
                  "col_offset": 8,
                  "elts": [
                    {
                      "type": "Name",
                      "lineno": 64,
                      "col_offset": 8,
                      "id": "results"
                    },
                    {
                      "type": "Name",
                      "lineno": 64,
                      "col_offset": 17,
                      "id": "error"
                    }
                  ]
                }
              ],
              "value": {
                "type": "Call",
                "lineno": 64,
                "col_offset": 25,
                "func": {
                  "type": "Attribute",
                  "lineno": 64,
                  "col_offset": 25,
                  "value": {
                    "type": "Name",
                    "lineno": 64,
                    "col_offset": 25,
                    "id": "process"
                  },
                  "attr": "communicate"
                },
                "args": [],
                "keywords": []
              },
              "type_comment": null
            },
            {
              "type": "Assign",
              "lineno": 65,
              "col_offset": 8,
              "targets": [
                {
                  "type": "Name",
                  "lineno": 65,
                  "col_offset": 8,
                  "id": "results"
                }
              ],
              "value": {
                "type": "Call",
                "lineno": 65,
                "col_offset": 18,
                "func": {
                  "type": "Attribute",
                  "lineno": 65,
                  "col_offset": 18,
                  "value": {
                    "type": "Name",
                    "lineno": 65,
                    "col_offset": 18,
                    "id": "results"
                  },
                  "attr": "decode"
                },
                "args": [],
                "keywords": []
              },
              "type_comment": null
            },
            {
              "type": "Assign",
              "lineno": 67,
              "col_offset": 8,
              "targets": [
                {
                  "type": "Name",
                  "lineno": 67,
                  "col_offset": 8,
                  "id": "mtime"
                }
              ],
              "value": {
                "type": "Attribute",
                "lineno": 67,
                "col_offset": 16,
                "value": {
                  "type": "Call",
                  "lineno": 67,
                  "col_offset": 16,
                  "func": {
                    "type": "Attribute",
                    "lineno": 67,
                    "col_offset": 16,
                    "value": {
                      "type": "Name",
                      "lineno": 67,
                      "col_offset": 16,
                      "id": "os"
                    },
                    "attr": "stat"
                  },
                  "args": [
                    {
                      "type": "Subscript",
                      "lineno": 67,
                      "col_offset": 24,
                      "value": {
                        "type": "Name",
                        "lineno": 67,
                        "col_offset": 24,
                        "id": "kwargs"
                      },
                      "slice": {
                        "type": "Constant",
                        "lineno": 67,
                        "col_offset": 31,
                        "value": "path",
                        "kind": null
                      }
                    }
                  ],
                  "keywords": []
                },
                "attr": "st_mtime"
              },
              "type_comment": null
            },
            {
              "type": "Assign",
              "lineno": 68,
              "col_offset": 8,
              "targets": [
                {
                  "type": "Name",
                  "lineno": 68,
                  "col_offset": 8,
                  "id": "filesize"
                }
              ],
              "value": {
                "type": "Attribute",
                "lineno": 68,
                "col_offset": 19,
                "value": {
                  "type": "Call",
                  "lineno": 68,
                  "col_offset": 19,
                  "func": {
                    "type": "Attribute",
                    "lineno": 68,
                    "col_offset": 19,
                    "value": {
                      "type": "Name",
                      "lineno": 68,
                      "col_offset": 19,
                      "id": "os"
                    },
                    "attr": "stat"
                  },
                  "args": [
                    {
                      "type": "Subscript",
                      "lineno": 68,
                      "col_offset": 27,
                      "value": {
                        "type": "Name",
                        "lineno": 68,
                        "col_offset": 27,
                        "id": "kwargs"
                      },
                      "slice": {
                        "type": "Constant",
                        "lineno": 68,
                        "col_offset": 34,
                        "value": "path",
                        "kind": null
                      }
                    }
                  ],
                  "keywords": []
                },
                "attr": "st_size"
              },
              "type_comment": null
            },
            {
              "type": "Assign",
              "lineno": 69,
              "col_offset": 8,
              "targets": [
                {
                  "type": "Name",
                  "lineno": 69,
                  "col_offset": 8,
                  "id": "metadata"
                }
              ],
              "value": {
                "type": "Dict",
                "lineno": 69,
                "col_offset": 19,
                "keys": [
                  {
                    "type": "Constant",
                    "lineno": 70,
                    "col_offset": 12,
                    "value": "cid",
                    "kind": null
                  },
                  {
                    "type": "Constant",
                    "lineno": 71,
                    "col_offset": 12,
                    "value": "path",
                    "kind": null
                  },
                  {
                    "type": "Constant",
                    "lineno": 72,
                    "col_offset": 12,
                    "value": "mtime",
                    "kind": null
                  },
                  {
                    "type": "Constant",
                    "lineno": 73,
                    "col_offset": 12,
                    "value": "filesize",
                    "kind": null
                  }
                ],
                "values": [
                  {
                    "type": "Subscript",
                    "lineno": 70,
                    "col_offset": 19,
                    "value": {
                      "type": "Name",
                      "lineno": 70,
                      "col_offset": 19,
                      "id": "kwargs"
                    },
                    "slice": {
                      "type": "Constant",
                      "lineno": 70,
                      "col_offset": 26,
                      "value": "cid",
                      "kind": null
                    }
                  },
                  {
                    "type": "Subscript",
                    "lineno": 71,
                    "col_offset": 20,
                    "value": {
                      "type": "Name",
                      "lineno": 71,
                      "col_offset": 20,
                      "id": "kwargs"
                    },
                    "slice": {
                      "type": "Constant",
                      "lineno": 71,
                      "col_offset": 27,
                      "value": "path",
                      "kind": null
                    }
                  },
                  {
                    "type": "Name",
                    "lineno": 72,
                    "col_offset": 21,
                    "id": "mtime"
                  },
                  {
                    "type": "Name",
                    "lineno": 73,
                    "col_offset": 24,
                    "id": "filesize"
                  }
                ]
              },
              "type_comment": null
            },
            {
              "type": "Return",
              "lineno": 75,
              "col_offset": 8,
              "value": {
                "type": "Name",
                "lineno": 75,
                "col_offset": 15,
                "id": "metadata"
              }
            }
          ],
          "decorator_list": [],
          "returns": null,
          "type_comment": null,
          "type_params": []
        },
        {
          "type": "FunctionDef",
          "lineno": 79,
          "col_offset": 4,
          "name": "test_ipget",
          "args": {
            "type": "arguments",
            "posonlyargs": [],
            "args": [
              {
                "type": "arg",
                "lineno": 79,
                "col_offset": 19,
                "arg": "self",
                "annotation": null,
                "type_comment": null
              }
            ],
            "vararg": null,
            "kwonlyargs": [],
            "kw_defaults": [],
            "kwarg": null,
            "defaults": []
          },
          "body": [
            {
              "type": "Assign",
              "lineno": 80,
              "col_offset": 8,
              "targets": [
                {
                  "type": "Name",
                  "lineno": 80,
                  "col_offset": 8,
                  "id": "detect"
                }
              ],
              "value": {
                "type": "Call",
                "lineno": 80,
                "col_offset": 17,
                "func": {
                  "type": "Attribute",
                  "lineno": 80,
                  "col_offset": 17,
                  "value": {
                    "type": "Name",
                    "lineno": 80,
                    "col_offset": 17,
                    "id": "os"
                  },
                  "attr": "system"
                },
                "args": [
                  {
                    "type": "Constant",
                    "lineno": 80,
                    "col_offset": 27,
                    "value": "which ipget",
                    "kind": null
                  }
                ],
                "keywords": []
              },
              "type_comment": null
            },
            {
              "type": "If",
              "lineno": 81,
              "col_offset": 8,
              "test": {
                "type": "BoolOp",
                "lineno": 81,
                "col_offset": 11,
                "op": {
                  "type": "Or"
                },
                "values": [
                  {
                    "type": "Compare",
                    "lineno": 81,
                    "col_offset": 11,
                    "left": {
                      "type": "Call",
                      "lineno": 81,
                      "col_offset": 11,
                      "func": {
                        "type": "Name",
                        "lineno": 81,
                        "col_offset": 11,
                        "id": "int"
                      },
                      "args": [
                        {
                          "type": "Name",
                          "lineno": 81,
                          "col_offset": 15,
                          "id": "detect"
                        }
                      ],
                      "keywords": []
                    },
                    "ops": [
                      {
                        "type": "Gt"
                      }
                    ],
                    "comparators": [
                      {
                        "type": "Constant",
                        "lineno": 81,
                        "col_offset": 25,
                        "value": 0,
                        "kind": null
                      }
                    ]
                  },
                  {
                    "type": "Constant",
                    "lineno": 81,
                    "col_offset": 30,
                    "value": true,
                    "kind": null
                  }
                ]
              },
              "body": [
                {
                  "type": "Assign",
                  "lineno": 82,
                  "col_offset": 12,
                  "targets": [
                    {
                      "type": "Name",
                      "lineno": 82,
                      "col_offset": 12,
                      "id": "ipget_download_object"
                    }
                  ],
                  "value": {
                    "type": "Call",
                    "lineno": 82,
                    "col_offset": 36,
                    "func": {
                      "type": "Attribute",
                      "lineno": 82,
                      "col_offset": 36,
                      "value": {
                        "type": "Name",
                        "lineno": 82,
                        "col_offset": 36,
                        "id": "self"
                      },
                      "attr": "ipget_download_object"
                    },
                    "args": [],
                    "keywords": [
                      {
                        "type": "keyword",
                        "lineno": 82,
                        "col_offset": 63,
                        "arg": "cid",
                        "value": {
                          "type": "Constant",
                          "lineno": 82,
                          "col_offset": 67,
                          "value": "QmccfbkWLYs9K3yucc6b3eSt8s8fKcyRRt24e3CDaeRhM1",
                          "kind": null
                        }
                      },
                      {
                        "type": "keyword",
                        "lineno": 82,
                        "col_offset": 117,
                        "arg": "path",
                        "value": {
                          "type": "Constant",
                          "lineno": 82,
                          "col_offset": 122,
                          "value": "/tmp/test",
                          "kind": null
                        }
                      }
                    ]
                  },
                  "type_comment": null
                },
                {
                  "type": "Return",
                  "lineno": 83,
                  "col_offset": 12,
                  "value": {
                    "type": "Constant",
                    "lineno": 83,
                    "col_offset": 19,
                    "value": true,
                    "kind": null
                  }
                }
              ],
              "orelse": [
                {
                  "type": "Return",
                  "lineno": 85,
                  "col_offset": 12,
                  "value": {
                    "type": "Constant",
                    "lineno": 85,
                    "col_offset": 19,
                    "value": false,
                    "kind": null
                  }
                }
              ]
            },
            {
              "type": "Pass",
              "lineno": 86,
              "col_offset": 8
            }
          ],
          "decorator_list": [],
          "returns": null,
          "type_comment": null,
          "type_params": []
        }
      ],
      "decorator_list": [],
      "type_params": []
    },
    {
      "type": "If",
      "lineno": 88,
      "col_offset": 0,
      "test": {
        "type": "Compare",
        "lineno": 88,
        "col_offset": 3,
        "left": {
          "type": "Name",
          "lineno": 88,
          "col_offset": 3,
          "id": "__name__"
        },
        "ops": [
          {
            "type": "Eq"
          }
        ],
        "comparators": [
          {
            "type": "Constant",
            "lineno": 88,
            "col_offset": 15,
            "value": "__main__",
            "kind": null
          }
        ]
      },
      "body": [
        {
          "type": "Assign",
          "lineno": 89,
          "col_offset": 4,
          "targets": [
            {
              "type": "Name",
              "lineno": 89,
              "col_offset": 4,
              "id": "this_ipget"
            }
          ],
          "value": {
            "type": "Call",
            "lineno": 89,
            "col_offset": 17,
            "func": {
              "type": "Name",
              "lineno": 89,
              "col_offset": 17,
              "id": "ipget"
            },
            "args": [
              {
                "type": "Constant",
                "lineno": 89,
                "col_offset": 23,
                "value": null,
                "kind": null
              }
            ],
            "keywords": [
              {
                "type": "keyword",
                "lineno": 89,
                "col_offset": 29,
                "arg": "meta",
                "value": {
                  "type": "Dict",
                  "lineno": 89,
                  "col_offset": 34,
                  "keys": [
                    {
                      "type": "Constant",
                      "lineno": 89,
                      "col_offset": 35,
                      "value": "role",
                      "kind": null
                    },
                    {
                      "type": "Constant",
                      "lineno": 89,
                      "col_offset": 52,
                      "value": "ipfs_path",
                      "kind": null
                    }
                  ],
                  "values": [
                    {
                      "type": "Constant",
                      "lineno": 89,
                      "col_offset": 42,
                      "value": "leecher",
                      "kind": null
                    },
                    {
                      "type": "Constant",
                      "lineno": 89,
                      "col_offset": 64,
                      "value": "/tmp/test/",
                      "kind": null
                    }
                  ]
                }
              }
            ]
          },
          "type_comment": null
        },
        {
          "type": "Assign",
          "lineno": 90,
          "col_offset": 4,
          "targets": [
            {
              "type": "Name",
              "lineno": 90,
              "col_offset": 4,
              "id": "results"
            }
          ],
          "value": {
            "type": "Call",
            "lineno": 90,
            "col_offset": 14,
            "func": {
              "type": "Attribute",
              "lineno": 90,
              "col_offset": 14,
              "value": {
                "type": "Name",
                "lineno": 90,
                "col_offset": 14,
                "id": "this_ipget"
              },
              "attr": "test_ipget"
            },
            "args": [],
            "keywords": []
          },
          "type_comment": null
        },
        {
          "type": "Expr",
          "lineno": 91,
          "col_offset": 4,
          "value": {
            "type": "Call",
            "lineno": 91,
            "col_offset": 4,
            "func": {
              "type": "Name",
              "lineno": 91,
              "col_offset": 4,
              "id": "print"
            },
            "args": [
              {
                "type": "Name",
                "lineno": 91,
                "col_offset": 10,
                "id": "results"
              }
            ],
            "keywords": []
          }
        },
        {
          "type": "Pass",
          "lineno": 92,
          "col_offset": 4
        }
      ],
      "orelse": []
    }
  ],
  "type_ignores": []
}