{
  "type": "Module",
  "body": [
    {
      "type": "Import",
      "lineno": 1,
      "col_offset": 0,
      "names": [
        {
          "type": "alias",
          "lineno": 1,
          "col_offset": 7,
          "name": "torch",
          "asname": null
        }
      ]
    },
    {
      "type": "ImportFrom",
      "lineno": 2,
      "col_offset": 0,
      "module": "diffusers",
      "names": [
        {
          "type": "alias",
          "lineno": 2,
          "col_offset": 22,
          "name": "StableDiffusionInstructPix2PixPipeline",
          "asname": null
        },
        {
          "type": "alias",
          "lineno": 2,
          "col_offset": 62,
          "name": "EulerAncestralDiscreteScheduler",
          "asname": null
        }
      ],
      "level": 0
    },
    {
      "type": "Import",
      "lineno": 3,
      "col_offset": 0,
      "names": [
        {
          "type": "alias",
          "lineno": 3,
          "col_offset": 7,
          "name": "os",
          "asname": null
        }
      ]
    },
    {
      "type": "ImportFrom",
      "lineno": 4,
      "col_offset": 0,
      "module": "diffusers.utils",
      "names": [
        {
          "type": "alias",
          "lineno": 4,
          "col_offset": 28,
          "name": "load_image",
          "asname": null
        }
      ],
      "level": 0
    },
    {
      "type": "Import",
      "lineno": 5,
      "col_offset": 0,
      "names": [
        {
          "type": "alias",
          "lineno": 5,
          "col_offset": 7,
          "name": "utils",
          "asname": "utils"
        }
      ]
    },
    {
      "type": "Import",
      "lineno": 6,
      "col_offset": 0,
      "names": [
        {
          "type": "alias",
          "lineno": 6,
          "col_offset": 7,
          "name": "sys",
          "asname": null
        }
      ]
    },
    {
      "type": "Assign",
      "lineno": 7,
      "col_offset": 0,
      "targets": [
        {
          "type": "Name",
          "lineno": 7,
          "col_offset": 0,
          "id": "dir"
        }
      ],
      "value": {
        "type": "Call",
        "lineno": 7,
        "col_offset": 6,
        "func": {
          "type": "Attribute",
          "lineno": 7,
          "col_offset": 6,
          "value": {
            "type": "Attribute",
            "lineno": 7,
            "col_offset": 6,
            "value": {
              "type": "Name",
              "lineno": 7,
              "col_offset": 6,
              "id": "os"
            },
            "attr": "path"
          },
          "attr": "dirname"
        },
        "args": [
          {
            "type": "Call",
            "lineno": 7,
            "col_offset": 22,
            "func": {
              "type": "Attribute",
              "lineno": 7,
              "col_offset": 22,
              "value": {
                "type": "Attribute",
                "lineno": 7,
                "col_offset": 22,
                "value": {
                  "type": "Name",
                  "lineno": 7,
                  "col_offset": 22,
                  "id": "os"
                },
                "attr": "path"
              },
              "attr": "realpath"
            },
            "args": [
              {
                "type": "Name",
                "lineno": 7,
                "col_offset": 39,
                "id": "__file__"
              }
            ],
            "keywords": []
          }
        ],
        "keywords": []
      },
      "type_comment": null
    },
    {
      "type": "Expr",
      "lineno": 8,
      "col_offset": 0,
      "value": {
        "type": "Call",
        "lineno": 8,
        "col_offset": 0,
        "func": {
          "type": "Attribute",
          "lineno": 8,
          "col_offset": 0,
          "value": {
            "type": "Attribute",
            "lineno": 8,
            "col_offset": 0,
            "value": {
              "type": "Name",
              "lineno": 8,
              "col_offset": 0,
              "id": "sys"
            },
            "attr": "path"
          },
          "attr": "append"
        },
        "args": [
          {
            "type": "Name",
            "lineno": 8,
            "col_offset": 16,
            "id": "dir"
          }
        ],
        "keywords": []
      }
    },
    {
      "type": "Import",
      "lineno": 9,
      "col_offset": 0,
      "names": [
        {
          "type": "alias",
          "lineno": 9,
          "col_offset": 7,
          "name": "convertModel",
          "asname": "convert"
        }
      ]
    },
    {
      "type": "FunctionDef",
      "lineno": 12,
      "col_offset": 0,
      "name": "inference",
      "args": {
        "type": "arguments",
        "posonlyargs": [],
        "args": [
          {
            "type": "arg",
            "lineno": 12,
            "col_offset": 14,
            "arg": "config",
            "annotation": null,
            "type_comment": null
          },
          {
            "type": "arg",
            "lineno": 12,
            "col_offset": 22,
            "arg": "params",
            "annotation": null,
            "type_comment": null
          },
          {
            "type": "arg",
            "lineno": 12,
            "col_offset": 30,
            "arg": "image",
            "annotation": null,
            "type_comment": null
          },
          {
            "type": "arg",
            "lineno": 12,
            "col_offset": 37,
            "arg": "mask",
            "annotation": null,
            "type_comment": null
          }
        ],
        "vararg": null,
        "kwonlyargs": [],
        "kw_defaults": [],
        "kwarg": null,
        "defaults": []
      },
      "body": [
        {
          "type": "Assign",
          "lineno": 13,
          "col_offset": 4,
          "targets": [
            {
              "type": "Name",
              "lineno": 13,
              "col_offset": 4,
              "id": "dir"
            }
          ],
          "value": {
            "type": "Call",
            "lineno": 13,
            "col_offset": 10,
            "func": {
              "type": "Attribute",
              "lineno": 13,
              "col_offset": 10,
              "value": {
                "type": "Attribute",
                "lineno": 13,
                "col_offset": 10,
                "value": {
                  "type": "Name",
                  "lineno": 13,
                  "col_offset": 10,
                  "id": "os"
                },
                "attr": "path"
              },
              "attr": "dirname"
            },
            "args": [
              {
                "type": "Call",
                "lineno": 13,
                "col_offset": 26,
                "func": {
                  "type": "Attribute",
                  "lineno": 13,
                  "col_offset": 26,
                  "value": {
                    "type": "Attribute",
                    "lineno": 13,
                    "col_offset": 26,
                    "value": {
                      "type": "Name",
                      "lineno": 13,
                      "col_offset": 26,
                      "id": "os"
                    },
                    "attr": "path"
                  },
                  "attr": "realpath"
                },
                "args": [
                  {
                    "type": "Name",
                    "lineno": 13,
                    "col_offset": 43,
                    "id": "__file__"
                  }
                ],
                "keywords": []
              }
            ],
            "keywords": []
          },
          "type_comment": null
        },
        {
          "type": "Assign",
          "lineno": 14,
          "col_offset": 4,
          "targets": [
            {
              "type": "Name",
              "lineno": 14,
              "col_offset": 4,
              "id": "parent"
            }
          ],
          "value": {
            "type": "Call",
            "lineno": 14,
            "col_offset": 13,
            "func": {
              "type": "Attribute",
              "lineno": 14,
              "col_offset": 13,
              "value": {
                "type": "Attribute",
                "lineno": 14,
                "col_offset": 13,
                "value": {
                  "type": "Name",
                  "lineno": 14,
                  "col_offset": 13,
                  "id": "os"
                },
                "attr": "path"
              },
              "attr": "dirname"
            },
            "args": [
              {
                "type": "Name",
                "lineno": 14,
                "col_offset": 29,
                "id": "dir"
              }
            ],
            "keywords": []
          },
          "type_comment": null
        },
        {
          "type": "Assign",
          "lineno": 15,
          "col_offset": 4,
          "targets": [
            {
              "type": "Name",
              "lineno": 15,
              "col_offset": 4,
              "id": "grandparent"
            }
          ],
          "value": {
            "type": "Call",
            "lineno": 15,
            "col_offset": 18,
            "func": {
              "type": "Attribute",
              "lineno": 15,
              "col_offset": 18,
              "value": {
                "type": "Attribute",
                "lineno": 15,
                "col_offset": 18,
                "value": {
                  "type": "Name",
                  "lineno": 15,
                  "col_offset": 18,
                  "id": "os"
                },
                "attr": "path"
              },
              "attr": "dirname"
            },
            "args": [
              {
                "type": "Name",
                "lineno": 15,
                "col_offset": 34,
                "id": "parent"
              }
            ],
            "keywords": []
          },
          "type_comment": null
        },
        {
          "type": "Assign",
          "lineno": 16,
          "col_offset": 4,
          "targets": [
            {
              "type": "Name",
              "lineno": 16,
              "col_offset": 4,
              "id": "configList"
            }
          ],
          "value": {
            "type": "List",
            "lineno": 16,
            "col_offset": 17,
            "elts": []
          },
          "type_comment": null
        },
        {
          "type": "If",
          "lineno": 17,
          "col_offset": 4,
          "test": {
            "type": "Compare",
            "lineno": 17,
            "col_offset": 8,
            "left": {
              "type": "Name",
              "lineno": 17,
              "col_offset": 8,
              "id": "config"
            },
            "ops": [
              {
                "type": "NotEq"
              }
            ],
            "comparators": [
              {
                "type": "Constant",
                "lineno": 17,
                "col_offset": 18,
                "value": null,
                "kind": null
              }
            ]
          },
          "body": [
            {
              "type": "If",
              "lineno": 18,
              "col_offset": 8,
              "test": {
                "type": "Compare",
                "lineno": 18,
                "col_offset": 12,
                "left": {
                  "type": "Call",
                  "lineno": 18,
                  "col_offset": 12,
                  "func": {
                    "type": "Name",
                    "lineno": 18,
                    "col_offset": 12,
                    "id": "type"
                  },
                  "args": [
                    {
                      "type": "Name",
                      "lineno": 18,
                      "col_offset": 17,
                      "id": "config"
                    }
                  ],
                  "keywords": []
                },
                "ops": [
                  {
                    "type": "Eq"
                  }
                ],
                "comparators": [
                  {
                    "type": "Name",
                    "lineno": 18,
                    "col_offset": 28,
                    "id": "dict"
                  }
                ]
              },
              "body": [
                {
                  "type": "Assign",
                  "lineno": 19,
                  "col_offset": 12,
                  "targets": [
                    {
                      "type": "Name",
                      "lineno": 19,
                      "col_offset": 12,
                      "id": "configKeys"
                    }
                  ],
                  "value": {
                    "type": "Call",
                    "lineno": 19,
                    "col_offset": 25,
                    "func": {
                      "type": "Attribute",
                      "lineno": 19,
                      "col_offset": 25,
                      "value": {
                        "type": "Name",
                        "lineno": 19,
                        "col_offset": 25,
                        "id": "config"
                      },
                      "attr": "keys"
                    },
                    "args": [],
                    "keywords": []
                  },
                  "type_comment": null
                },
                {
                  "type": "For",
                  "lineno": 20,
                  "col_offset": 12,
                  "target": {
                    "type": "Name",
                    "lineno": 20,
                    "col_offset": 16,
                    "id": "key"
                  },
                  "iter": {
                    "type": "Name",
                    "lineno": 20,
                    "col_offset": 23,
                    "id": "configKeys"
                  },
                  "body": [
                    {
                      "type": "Expr",
                      "lineno": 21,
                      "col_offset": 16,
                      "value": {
                        "type": "Call",
                        "lineno": 21,
                        "col_offset": 16,
                        "func": {
                          "type": "Attribute",
                          "lineno": 21,
                          "col_offset": 16,
                          "value": {
                            "type": "Name",
                            "lineno": 21,
                            "col_offset": 16,
                            "id": "configList"
                          },
                          "attr": "append"
                        },
                        "args": [
                          {
                            "type": "Subscript",
                            "lineno": 21,
                            "col_offset": 34,
                            "value": {
                              "type": "Name",
                              "lineno": 21,
                              "col_offset": 34,
                              "id": "config"
                            },
                            "slice": {
                              "type": "Name",
                              "lineno": 21,
                              "col_offset": 41,
                              "id": "key"
                            }
                          }
                        ],
                        "keywords": []
                      }
                    }
                  ],
                  "orelse": [],
                  "type_comment": null
                }
              ],
              "orelse": [
                {
                  "type": "Assign",
                  "lineno": 23,
                  "col_offset": 12,
                  "targets": [
                    {
                      "type": "Name",
                      "lineno": 23,
                      "col_offset": 12,
                      "id": "configList"
                    }
                  ],
                  "value": {
                    "type": "Call",
                    "lineno": 23,
                    "col_offset": 25,
                    "func": {
                      "type": "Attribute",
                      "lineno": 23,
                      "col_offset": 25,
                      "value": {
                        "type": "Name",
                        "lineno": 23,
                        "col_offset": 25,
                        "id": "config"
                      },
                      "attr": "split"
                    },
                    "args": [],
                    "keywords": []
                  },
                  "type_comment": null
                }
              ]
            }
          ],
          "orelse": []
        },
        {
          "type": "Assign",
          "lineno": 24,
          "col_offset": 4,
          "targets": [
            {
              "type": "Name",
              "lineno": 24,
              "col_offset": 4,
              "id": "checkpoints"
            }
          ],
          "value": {
            "type": "Dict",
            "lineno": 24,
            "col_offset": 18,
            "keys": [
              {
                "type": "Constant",
                "lineno": 25,
                "col_offset": 8,
                "value": "sd",
                "kind": null
              },
              {
                "type": "Constant",
                "lineno": 26,
                "col_offset": 8,
                "value": "clip",
                "kind": null
              }
            ],
            "values": [
              {
                "type": "Subscript",
                "lineno": 25,
                "col_offset": 14,
                "value": {
                  "type": "Name",
                  "lineno": 25,
                  "col_offset": 14,
                  "id": "configList"
                },
                "slice": {
                  "type": "Constant",
                  "lineno": 25,
                  "col_offset": 25,
                  "value": 0,
                  "kind": null
                }
              },
              {
                "type": "Subscript",
                "lineno": 26,
                "col_offset": 16,
                "value": {
                  "type": "Name",
                  "lineno": 26,
                  "col_offset": 16,
                  "id": "configList"
                },
                "slice": {
                  "type": "Constant",
                  "lineno": 26,
                  "col_offset": 27,
                  "value": 1,
                  "kind": null
                }
              }
            ]
          },
          "type_comment": null
        },
        {
          "type": "Assign",
          "lineno": 28,
          "col_offset": 4,
          "targets": [
            {
              "type": "Name",
              "lineno": 28,
              "col_offset": 4,
              "id": "modelid"
            }
          ],
          "value": {
            "type": "Constant",
            "lineno": 28,
            "col_offset": 14,
            "value": null,
            "kind": null
          },
          "type_comment": null
        },
        {
          "type": "Assign",
          "lineno": 29,
          "col_offset": 4,
          "targets": [
            {
              "type": "Name",
              "lineno": 29,
              "col_offset": 4,
              "id": "provider"
            }
          ],
          "value": {
            "type": "Constant",
            "lineno": 29,
            "col_offset": 15,
            "value": null,
            "kind": null
          },
          "type_comment": null
        },
        {
          "type": "If",
          "lineno": 30,
          "col_offset": 4,
          "test": {
            "type": "Compare",
            "lineno": 30,
            "col_offset": 7,
            "left": {
              "type": "Constant",
              "lineno": 30,
              "col_offset": 7,
              "value": "model",
              "kind": null
            },
            "ops": [
              {
                "type": "In"
              }
            ],
            "comparators": [
              {
                "type": "Name",
                "lineno": 30,
                "col_offset": 18,
                "id": "params"
              }
            ]
          },
          "body": [
            {
              "type": "Assign",
              "lineno": 31,
              "col_offset": 12,
              "targets": [
                {
                  "type": "Name",
                  "lineno": 31,
                  "col_offset": 12,
                  "id": "model"
                }
              ],
              "value": {
                "type": "Subscript",
                "lineno": 31,
                "col_offset": 20,
                "value": {
                  "type": "Name",
                  "lineno": 31,
                  "col_offset": 20,
                  "id": "params"
                },
                "slice": {
                  "type": "Constant",
                  "lineno": 31,
                  "col_offset": 27,
                  "value": "model",
                  "kind": null
                }
              },
              "type_comment": null
            }
          ],
          "orelse": [
            {
              "type": "Assign",
              "lineno": 33,
              "col_offset": 8,
              "targets": [
                {
                  "type": "Name",
                  "lineno": 33,
                  "col_offset": 8,
                  "id": "model"
                }
              ],
              "value": {
                "type": "Constant",
                "lineno": 33,
                "col_offset": 16,
                "value": "timbrooks-instruct-pix2pix",
                "kind": null
              },
              "type_comment": null
            }
          ]
        },
        {
          "type": "If",
          "lineno": 34,
          "col_offset": 4,
          "test": {
            "type": "Compare",
            "lineno": 34,
            "col_offset": 7,
            "left": {
              "type": "Constant",
              "lineno": 34,
              "col_offset": 7,
              "value": "civit",
              "kind": null
            },
            "ops": [
              {
                "type": "In"
              }
            ],
            "comparators": [
              {
                "type": "Name",
                "lineno": 34,
                "col_offset": 18,
                "id": "model"
              }
            ]
          },
          "body": [
            {
              "type": "Assign",
              "lineno": 35,
              "col_offset": 8,
              "targets": [
                {
                  "type": "Name",
                  "lineno": 35,
                  "col_offset": 8,
                  "id": "provider"
                }
              ],
              "value": {
                "type": "Constant",
                "lineno": 35,
                "col_offset": 19,
                "value": "civit",
                "kind": null
              },
              "type_comment": null
            },
            {
              "type": "Assign",
              "lineno": 37,
              "col_offset": 8,
              "targets": [
                {
                  "type": "Name",
                  "lineno": 37,
                  "col_offset": 8,
                  "id": "modelid"
                }
              ],
              "value": {
                "type": "Subscript",
                "lineno": 37,
                "col_offset": 18,
                "value": {
                  "type": "Call",
                  "lineno": 37,
                  "col_offset": 18,
                  "func": {
                    "type": "Attribute",
                    "lineno": 37,
                    "col_offset": 18,
                    "value": {
                      "type": "Name",
                      "lineno": 37,
                      "col_offset": 18,
                      "id": "model"
                    },
                    "attr": "split"
                  },
                  "args": [
                    {
                      "type": "Constant",
                      "lineno": 37,
                      "col_offset": 30,
                      "value": "-",
                      "kind": null
                    }
                  ],
                  "keywords": []
                },
                "slice": {
                  "type": "Constant",
                  "lineno": 37,
                  "col_offset": 35,
                  "value": 1,
                  "kind": null
                }
              },
              "type_comment": null
            }
          ],
          "orelse": [
            {
              "type": "Assign",
              "lineno": 39,
              "col_offset": 8,
              "targets": [
                {
                  "type": "Name",
                  "lineno": 39,
                  "col_offset": 8,
                  "id": "provider"
                }
              ],
              "value": {
                "type": "Constant",
                "lineno": 39,
                "col_offset": 19,
                "value": "timbrooks",
                "kind": null
              },
              "type_comment": null
            },
            {
              "type": "Assign",
              "lineno": 40,
              "col_offset": 8,
              "targets": [
                {
                  "type": "Name",
                  "lineno": 40,
                  "col_offset": 8,
                  "id": "modelid"
                }
              ],
              "value": {
                "type": "Constant",
                "lineno": 40,
                "col_offset": 18,
                "value": "instruct-pix2pix",
                "kind": null
              },
              "type_comment": null
            }
          ]
        },
        {
          "type": "Assign",
          "lineno": 42,
          "col_offset": 4,
          "targets": [
            {
              "type": "Name",
              "lineno": 42,
              "col_offset": 4,
              "id": "convertResults"
            }
          ],
          "value": {
            "type": "Call",
            "lineno": 42,
            "col_offset": 21,
            "func": {
              "type": "Attribute",
              "lineno": 42,
              "col_offset": 21,
              "value": {
                "type": "Name",
                "lineno": 42,
                "col_offset": 21,
                "id": "utils"
              },
              "attr": "convertModel"
            },
            "args": [
              {
                "type": "Subscript",
                "lineno": 42,
                "col_offset": 40,
                "value": {
                  "type": "Name",
                  "lineno": 42,
                  "col_offset": 40,
                  "id": "checkpoints"
                },
                "slice": {
                  "type": "Constant",
                  "lineno": 42,
                  "col_offset": 52,
                  "value": "sd",
                  "kind": null
                }
              },
              {
                "type": "Name",
                "lineno": 42,
                "col_offset": 59,
                "id": "provider"
              },
              {
                "type": "Name",
                "lineno": 42,
                "col_offset": 69,
                "id": "modelid"
              }
            ],
            "keywords": []
          },
          "type_comment": null
        },
        {
          "type": "Assign",
          "lineno": 43,
          "col_offset": 4,
          "targets": [
            {
              "type": "Name",
              "lineno": 43,
              "col_offset": 4,
              "id": "modelPath"
            }
          ],
          "value": {
            "type": "BinOp",
            "lineno": 43,
            "col_offset": 16,
            "left": {
              "type": "Name",
              "lineno": 43,
              "col_offset": 16,
              "id": "grandparent"
            },
            "op": {
              "type": "Add"
            },
            "right": {
              "type": "Constant",
              "lineno": 43,
              "col_offset": 30,
              "value": "/downloads",
              "kind": null
            }
          },
          "type_comment": null
        },
        {
          "type": "Assign",
          "lineno": 44,
          "col_offset": 4,
          "targets": [
            {
              "type": "Name",
              "lineno": 44,
              "col_offset": 4,
              "id": "pipe"
            }
          ],
          "value": {
            "type": "Call",
            "lineno": 44,
            "col_offset": 11,
            "func": {
              "type": "Attribute",
              "lineno": 44,
              "col_offset": 11,
              "value": {
                "type": "Name",
                "lineno": 44,
                "col_offset": 11,
                "id": "StableDiffusionInstructPix2PixPipeline"
              },
              "attr": "from_pretrained"
            },
            "args": [
              {
                "type": "BinOp",
                "lineno": 45,
                "col_offset": 8,
                "left": {
                  "type": "BinOp",
                  "lineno": 45,
                  "col_offset": 8,
                  "left": {
                    "type": "Name",
                    "lineno": 45,
                    "col_offset": 8,
                    "id": "provider"
                  },
                  "op": {
                    "type": "Add"
                  },
                  "right": {
                    "type": "Constant",
                    "lineno": 45,
                    "col_offset": 19,
                    "value": "/",
                    "kind": null
                  }
                },
                "op": {
                  "type": "Add"
                },
                "right": {
                  "type": "Name",
                  "lineno": 45,
                  "col_offset": 25,
                  "id": "modelid"
                }
              }
            ],
            "keywords": [
              {
                "type": "keyword",
                "lineno": 46,
                "col_offset": 8,
                "arg": "cache_dir",
                "value": {
                  "type": "Name",
                  "lineno": 46,
                  "col_offset": 18,
                  "id": "modelPath"
                }
              },
              {
                "type": "keyword",
                "lineno": 47,
                "col_offset": 8,
                "arg": "local_files_only",
                "value": {
                  "type": "Constant",
                  "lineno": 47,
                  "col_offset": 25,
                  "value": true,
                  "kind": null
                }
              },
              {
                "type": "keyword",
                "lineno": 48,
                "col_offset": 8,
                "arg": "torch_dtype",
                "value": {
                  "type": "Attribute",
                  "lineno": 48,
                  "col_offset": 20,
                  "value": {
                    "type": "Name",
                    "lineno": 48,
                    "col_offset": 20,
                    "id": "torch"
                  },
                  "attr": "float16"
                }
              },
              {
                "type": "keyword",
                "lineno": 49,
                "col_offset": 8,
                "arg": "safety_checker",
                "value": {
                  "type": "Constant",
                  "lineno": 49,
                  "col_offset": 23,
                  "value": null,
                  "kind": null
                }
              }
            ]
          },
          "type_comment": null
        },
        {
          "type": "Expr",
          "lineno": 51,
          "col_offset": 4,
          "value": {
            "type": "Call",
            "lineno": 51,
            "col_offset": 4,
            "func": {
              "type": "Attribute",
              "lineno": 51,
              "col_offset": 4,
              "value": {
                "type": "Name",
                "lineno": 51,
                "col_offset": 4,
                "id": "pipe"
              },
              "attr": "to"
            },
            "args": [
              {
                "type": "Constant",
                "lineno": 51,
                "col_offset": 12,
                "value": "cuda",
                "kind": null
              }
            ],
            "keywords": []
          }
        },
        {
          "type": "Assign",
          "lineno": 52,
          "col_offset": 4,
          "targets": [
            {
              "type": "Attribute",
              "lineno": 52,
              "col_offset": 4,
              "value": {
                "type": "Name",
                "lineno": 52,
                "col_offset": 4,
                "id": "pipe"
              },
              "attr": "scheduler"
            }
          ],
          "value": {
            "type": "Call",
            "lineno": 52,
            "col_offset": 21,
            "func": {
              "type": "Attribute",
              "lineno": 52,
              "col_offset": 21,
              "value": {
                "type": "Name",
                "lineno": 52,
                "col_offset": 21,
                "id": "EulerAncestralDiscreteScheduler"
              },
              "attr": "from_config"
            },
            "args": [
              {
                "type": "Attribute",
                "lineno": 52,
                "col_offset": 65,
                "value": {
                  "type": "Attribute",
                  "lineno": 52,
                  "col_offset": 65,
                  "value": {
                    "type": "Name",
                    "lineno": 52,
                    "col_offset": 65,
                    "id": "pipe"
                  },
                  "attr": "scheduler"
                },
                "attr": "config"
              }
            ],
            "keywords": []
          },
          "type_comment": null
        },
        {
          "type": "Assign",
          "lineno": 53,
          "col_offset": 4,
          "targets": [
            {
              "type": "Name",
              "lineno": 53,
              "col_offset": 4,
              "id": "prompt"
            }
          ],
          "value": {
            "type": "Subscript",
            "lineno": 53,
            "col_offset": 13,
            "value": {
              "type": "Name",
              "lineno": 53,
              "col_offset": 13,
              "id": "params"
            },
            "slice": {
              "type": "Constant",
              "lineno": 53,
              "col_offset": 20,
              "value": "prompt",
              "kind": null
            }
          },
          "type_comment": null
        },
        {
          "type": "Assign",
          "lineno": 54,
          "col_offset": 4,
          "targets": [
            {
              "type": "Name",
              "lineno": 54,
              "col_offset": 4,
              "id": "steps"
            }
          ],
          "value": {
            "type": "Subscript",
            "lineno": 54,
            "col_offset": 12,
            "value": {
              "type": "Name",
              "lineno": 54,
              "col_offset": 12,
              "id": "params"
            },
            "slice": {
              "type": "Constant",
              "lineno": 54,
              "col_offset": 19,
              "value": "steps",
              "kind": null
            }
          },
          "type_comment": null
        },
        {
          "type": "Assign",
          "lineno": 55,
          "col_offset": 4,
          "targets": [
            {
              "type": "Name",
              "lineno": 55,
              "col_offset": 4,
              "id": "cfg_scale"
            }
          ],
          "value": {
            "type": "Subscript",
            "lineno": 55,
            "col_offset": 16,
            "value": {
              "type": "Name",
              "lineno": 55,
              "col_offset": 16,
              "id": "params"
            },
            "slice": {
              "type": "Constant",
              "lineno": 55,
              "col_offset": 23,
              "value": "cfg_scale",
              "kind": null
            }
          },
          "type_comment": null
        },
        {
          "type": "Assign",
          "lineno": 56,
          "col_offset": 4,
          "targets": [
            {
              "type": "Name",
              "lineno": 56,
              "col_offset": 4,
              "id": "image"
            }
          ],
          "value": {
            "type": "Call",
            "lineno": 56,
            "col_offset": 12,
            "func": {
              "type": "Attribute",
              "lineno": 56,
              "col_offset": 12,
              "value": {
                "type": "Call",
                "lineno": 56,
                "col_offset": 12,
                "func": {
                  "type": "Name",
                  "lineno": 56,
                  "col_offset": 12,
                  "id": "load_image"
                },
                "args": [
                  {
                    "type": "Name",
                    "lineno": 56,
                    "col_offset": 23,
                    "id": "image"
                  }
                ],
                "keywords": []
              },
              "attr": "convert"
            },
            "args": [
              {
                "type": "Constant",
                "lineno": 56,
                "col_offset": 38,
                "value": "RGB",
                "kind": null
              }
            ],
            "keywords": []
          },
          "type_comment": null
        },
        {
          "type": "Assign",
          "lineno": 57,
          "col_offset": 4,
          "targets": [
            {
              "type": "Name",
              "lineno": 57,
              "col_offset": 4,
              "id": "mask"
            }
          ],
          "value": {
            "type": "Call",
            "lineno": 57,
            "col_offset": 11,
            "func": {
              "type": "Attribute",
              "lineno": 57,
              "col_offset": 11,
              "value": {
                "type": "Call",
                "lineno": 57,
                "col_offset": 11,
                "func": {
                  "type": "Name",
                  "lineno": 57,
                  "col_offset": 11,
                  "id": "load_image"
                },
                "args": [
                  {
                    "type": "Name",
                    "lineno": 57,
                    "col_offset": 22,
                    "id": "mask"
                  }
                ],
                "keywords": []
              },
              "attr": "convert"
            },
            "args": [
              {
                "type": "Constant",
                "lineno": 57,
                "col_offset": 36,
                "value": "RGB",
                "kind": null
              }
            ],
            "keywords": []
          },
          "type_comment": null
        },
        {
          "type": "Assign",
          "lineno": 58,
          "col_offset": 4,
          "targets": [
            {
              "type": "Name",
              "lineno": 58,
              "col_offset": 4,
              "id": "images"
            }
          ],
          "value": {
            "type": "Subscript",
            "lineno": 58,
            "col_offset": 13,
            "value": {
              "type": "Attribute",
              "lineno": 58,
              "col_offset": 13,
              "value": {
                "type": "Call",
                "lineno": 58,
                "col_offset": 13,
                "func": {
                  "type": "Name",
                  "lineno": 58,
                  "col_offset": 13,
                  "id": "pipe"
                },
                "args": [
                  {
                    "type": "Name",
                    "lineno": 58,
                    "col_offset": 18,
                    "id": "prompt"
                  }
                ],
                "keywords": [
                  {
                    "type": "keyword",
                    "lineno": 58,
                    "col_offset": 26,
                    "arg": "image",
                    "value": {
                      "type": "Name",
                      "lineno": 58,
                      "col_offset": 32,
                      "id": "image"
                    }
                  },
                  {
                    "type": "keyword",
                    "lineno": 58,
                    "col_offset": 39,
                    "arg": "num_inference_steps",
                    "value": {
                      "type": "Name",
                      "lineno": 58,
                      "col_offset": 59,
                      "id": "steps"
                    }
                  },
                  {
                    "type": "keyword",
                    "lineno": 58,
                    "col_offset": 66,
                    "arg": "image_guidance_scale",
                    "value": {
                      "type": "Name",
                      "lineno": 58,
                      "col_offset": 87,
                      "id": "cfg_scale"
                    }
                  }
                ]
              },
              "attr": "images"
            },
            "slice": {
              "type": "Constant",
              "lineno": 58,
              "col_offset": 105,
              "value": 0,
              "kind": null
            }
          },
          "type_comment": null
        },
        {
          "type": "Return",
          "lineno": 59,
          "col_offset": 4,
          "value": {
            "type": "Name",
            "lineno": 59,
            "col_offset": 11,
            "id": "images"
          }
        }
      ],
      "decorator_list": [],
      "returns": null,
      "type_comment": null,
      "type_params": []
    }
  ],
  "type_ignores": []
}