{
  "type": "File",
  "path": "/home/barberb/swissknife/goose/crates/goose-mcp/src/computercontroller/platform/macos.rs",
  "fileSize": 561,
  "lineCount": 22,
  "structures": {
    "structs": [
      {
        "name": "MacOSAutomation",
        "fields": [],
        "position": 81
      }
    ],
    "enums": [],
    "traits": [],
    "impls": [
      {
        "type": "MacOSAutomation",
        "trait": "SystemAutomation",
        "methods": [
          {
            "name": "execute_system_script",
            "params": "&self, script: &str",
            "returnType": "std::io::Result<String>"
          }
        ],
        "position": 110
      }
    ],
    "functions": [
      {
        "name": "execute_system_script",
        "params": "&self, script: &str",
        "returnType": "std::io::Result<String>",
        "position": 158
      },
      {
        "name": "get_shell_command",
        "params": "&self",
        "returnType": "(&'static str, &'static str)",
        "position": 390
      },
      {
        "name": "get_temp_path",
        "params": "&self",
        "returnType": "PathBuf",
        "position": 486
      }
    ],
    "modules": [],
    "uses": [
      {
        "path": "super::SystemAutomation",
        "position": 0
      },
      {
        "path": "std::path::PathBuf",
        "position": 29
      },
      {
        "path": "std::process::Command",
        "position": 53
      }
    ]
  }
}